"ID";"X1";"X2";"X3";"X4";"X5";"X6";"X7";"X8";"X9";"X10";"X11";"X12";"X13";"X14";"X15";"X16";"X17";"X18";"X19";"X20";"X21"
"10009";10;11;12;7;10;20;19;20;16;20;14;13;14;5;9;29;27;29;23;25;0
"10017";16;15;15;15;15;15;15;16;16;16;25;18;20;21;16;22;21;22;22;6;0
"10025";3;4;1;10;10;5;0;4;7;6;3;1;0;8;9;3;0;0;12;5;0
"10041";10;20;20;20;20;20;20;20;20;1;14;39;31;30;30;29;30;30;15;0;0
"10059";10;10;5;15;1;3;12;10;5;8;14;10;4;15;1;2;9;7;6;5;0
"10067";8;15;5;20;1;13;15;14;14;16;13;11;5;22;1;16;16;17;18;6;0
"10075";20;20;15;20;15;13;17;15;20;15;41;25;23;27;19;16;22;20;24;9;0
"10083";20;20;20;20;20;20;20;20;20;0;41;25;31;29;30;29;30;30;15;0;0
"10091";3;3;1;3;2;4;3;3;3;3;3;1;0;2;1;3;3;2;1;1;0
"10116";7;7;8;6;10;7;7;8;7;12;8;11;8;6;8;6;4;5;5;12;0
"10140";3;5;1;0;2;1;0;0;1;1;3;4;0;0;4;0;0;0;2;1;0
"10158";10;11;10;7;10;7;11;5;15;6;14;13;11;9;8;8;10;3;15;3;0
"10174";20;12;20;18;10;3;17;10;20;10;41;20;33;29;11;3;20;11;24;7;0
"10182";12;20;20;20;20;20;20;20;20;20;19;32;28;30;30;30;30;30;23;20;0
"10207";6;6;12;15;15;10;12;20;16;5;8;5;16;21;17;13;13;24;15;1;0
"10215";15;5;7;6;7;7;2;7;1;9;25;4;6;4;3;6;0;4;1;7;0
"10223";5;8;10;16;18;19;15;19;12;18;8;13;15;28;34;31;25;22;18;20;0
"10265";10;14;15;15;15;6;18;15;15;15;14;20;24;25;23;7;20;19;20;5;0
"10281";10;15;3;8;16;7;0;19;0;11;14;16;4;10;22;10;0;0;0;8;0
"10299";12;14;8;11;6;8;11;6;7;12;19;19;9;11;7;9;11;4;4;11;0
"10306";5;10;8;20;7;15;10;17;15;10;8;12;10;28;9;16;10;23;13;9;0
"10314";11;12;14;13;12;11;12;13;1;3;16;15;22;20;16;14;14;14;1;3;0
"10330";12;13;5;17;1;5;16;3;6;7;19;17;7;19;1;4;17;3;8;9;0
"10356";10;8;8;5;5;6;8;2;2;2;14;13;11;5;4;4;3;2;1;1;0
"10364";20;20;20;20;20;20;20;20;20;20;41;25;31;29;30;29;30;30;15;24;0
"10447";5;12;5;0;10;7;10;9;6;3;8;15;6;0;19;3;12;6;4;1;0
"10520";20;20;3;1;6;20;20;20;20;2;41;25;4;1;8;30;31;30;23;2;0
"10570";11;8;14;6;15;4;1;6;4;14;16;8;16;3;21;0;0;5;2;13;0
"10629";15;17;10;15;5;16;17;20;16;5;25;18;13;15;9;22;23;29;23;1;0
"10679";8;10;15;5;20;16;10;5;10;20;13;13;22;2;27;20;14;3;10;23;0
"10695";12;12;12;12;10;20;10;13;6;13;19;16;14;13;11;28;9;7;4;15;0
"10702";15;20;15;14;5;10;15;20;5;10;25;19;18;15;5;11;21;24;2;3;0
"10710";15;17;15;15;15;10;13;15;15;10;25;18;19;20;16;13;14;19;15;11;0
"10728";20;20;20;20;20;20;20;20;20;10;41;25;31;29;30;29;30;30;15;5;0
"10736";7;9;10;14;15;12;14;13;14;11;8;9;13;19;17;16;18;18;17;10;0
"10744";10;15;10;10;13;7;10;7;9;9;14;16;13;9;14;9;8;5;8;7;0
"10752";10;9;11;12;5;4;1;10;8;5;14;11;12;10;7;3;1;7;7;2;0
"10778";20;20;19;20;20;20;20;20;20;15;41;25;29;29;30;29;30;30;15;12;0
"10794";9;11;10;8;8;9;12;7;10;7;12;14;11;7;9;8;12;5;8;4;0
"10801";5;5;6;9;20;15;20;20;20;16;8;9;9;12;33;19;32;29;29;18;0
"10819";5;10;5;3;3;5;0;3;4;5;8;12;6;2;1;3;0;0;7;4;0
"10827";2;2;2;1;4;4;4;2;5;2;2;0;0;1;2;3;1;1;2;1;0
"10843";7;11;7;9;11;13;11;13;9;12;8;9;7;8;13;16;13;15;9;11;0
"10869";10;12;15;16;16;17;18;17;18;20;14;15;21;21;23;24;26;25;25;30;0
"10877";9;8;10;7;7;9;9;8;11;8;12;11;15;7;6;11;9;6;10;6;0
"10893";4;8;8;7;12;13;15;14;20;20;5;10;9;6;16;14;22;19;30;30;0
"10900";20;20;20;20;20;20;20;20;20;9;41;25;31;29;30;29;30;30;15;5;0
"10918";5;1;5;5;6;7;8;5;15;9;8;1;8;8;6;9;4;2;5;4;0
"10975";20;20;20;20;10;20;20;20;20;20;41;25;31;29;10;25;28;29;29;22;0
"10983";15;16;17;20;20;20;20;20;20;20;25;22;22;32;30;30;30;30;23;20;0
"11049";14;14;15;14;13;15;15;16;15;14;16;18;19;20;12;20;20;20;20;9;0
"11064";5;6;7;8;5;3;3;8;3;4;8;10;11;10;4;1;4;5;2;3;0
"11171";10;14;14;15;16;12;10;11;10;12;14;20;21;25;24;18;13;13;10;11;0
"11239";8;13;7;10;15;17;19;20;5;10;13;13;10;10;20;23;25;29;1;3;0
"11262";12;12;15;13;18;15;15;20;10;12;19;16;23;20;27;21;21;21;14;12;0
"11296";8;15;10;8;9;8;9;7;9;9;13;11;13;7;9;7;7;5;8;7;0
"11304";14;17;18;15;18;20;16;20;16;17;16;24;25;19;26;30;23;22;21;12;0
"11312";10;14;15;17;18;16;16;16;14;17;14;20;24;28;27;23;23;23;20;5;0
"11320";8;10;8;6;5;5;3;2;3;3;13;13;8;6;4;3;3;1;1;1;0
"11338";5;6;7;7;11;5;5;5;3;1;8;10;11;9;14;8;1;4;2;0;0
"11403";6;7;6;13;3;6;0;20;0;4;8;8;7;15;2;5;0;0;0;3;0
"11429";3;3;5;1;2;5;2;1;2;5;3;1;1;1;2;4;1;1;1;4;0
"11460";13;13;15;15;19;19;20;20;19;19;19;16;21;24;29;29;30;29;29;25;0
"11486";15;18;15;15;15;15;15;15;15;15;25;16;18;18;14;20;20;20;20;5;0
"11544";8;10;8;12;6;6;6;5;2;11;13;13;8;12;5;5;1;2;1;9;0
"11551";8;12;10;6;7;11;5;15;6;8;13;15;10;7;5;10;3;17;3;6;0
"11619";10;12;14;12;10;11;12;10;10;11;14;15;20;10;11;10;12;9;9;10;0
"11627";3;4;3;6;5;6;4;8;5;5;3;1;0;6;3;5;2;3;4;2;0
"11635";7;9;9;10;8;9;8;8;9;6;8;9;11;8;10;10;6;6;8;3;0
"11718";5;3;4;5;4;5;3;2;5;5;8;4;7;6;3;3;3;1;2;2;0
"11759";10;10;10;10;1;10;7;10;11;10;14;10;10;7;1;6;4;9;8;9;0
"11767";10;12;14;20;10;11;12;12;14;12;14;15;20;22;11;11;14;14;13;7;0
"11858";10;10;15;5;16;8;8;12;2;18;14;10;20;3;22;8;8;11;2;15;0
"11874";7;9;5;13;10;6;11;11;9;11;8;9;3;15;12;6;10;12;8;11;0
"11882";3;5;4;8;10;8;12;5;9;10;3;4;2;10;11;9;13;4;10;9;0
"11932";5;5;5;5;5;5;9;5;9;9;8;9;8;7;5;4;7;2;3;2;0
"11940";3;4;1;9;5;6;0;3;8;10;3;1;0;7;0;3;0;0;14;8;0
"11965";5;7;6;8;4;5;6;1;10;0;8;10;8;8;3;3;2;0;2;0;0
"11981";5;8;10;12;8;8;8;8;8;8;8;13;15;17;9;8;6;6;7;6;0
"12005";10;8;15;15;15;15;15;16;15;15;14;13;22;22;23;22;22;24;21;5;0
"12013";5;5;5;5;8;4;3;4;4;6;8;9;8;7;7;2;1;2;3;5;0
"12070";5;10;8;12;5;6;4;10;2;1;8;12;10;12;6;6;1;9;1;0;0
"12096";10;15;15;8;15;20;9;10;5;8;14;16;17;8;21;28;9;6;4;4;0
"12161";5;14;20;12;7;8;12;20;5;0;8;17;31;16;8;9;14;26;2;0;0
"12195";8;8;10;6;5;10;12;6;4;12;13;12;16;7;5;13;13;5;4;10;0
"12203";10;15;10;11;11;10;10;10;10;9;14;16;13;12;11;10;10;10;9;9;0
"12211";7;6;6;7;8;6;5;6;6;10;8;7;5;6;5;5;2;2;1;7;0
"12260";7;8;11;12;5;6;10;5;4;7;8;11;16;15;6;7;6;2;2;3;0
"12302";8;11;12;16;9;13;10;15;6;13;13;15;18;21;11;13;11;17;6;14;0
"12310";5;10;10;15;17;10;11;11;11;9;8;12;11;17;20;12;12;12;10;8;0
"12385";12;13;14;15;16;17;18;15;16;11;19;17;20;25;24;26;26;21;23;10;0
"12393";14;12;13;8;4;12;8;10;13;7;16;17;12;9;2;10;6;10;10;6;0
"12401";15;15;15;12;13;8;9;5;10;9;25;20;18;14;11;7;7;2;3;2;0
"12435";10;10;8;9;8;6;3;2;1;1;14;10;10;8;7;5;1;1;1;1;0
"12500";5;5;6;6;4;5;3;5;4;1;8;9;9;7;3;3;3;3;2;0;0
"12526";20;15;10;18;6;12;20;15;12;15;41;25;14;21;8;12;30;20;14;12;0
"12534";10;14;15;15;10;15;5;14;10;13;14;20;24;25;15;24;4;19;7;14;0
"12542";8;12;10;14;6;12;8;12;8;20;13;15;10;14;7;10;6;13;7;23;0
"12567";6;7;10;13;8;12;13;16;12;9;8;8;14;17;12;15;21;22;11;9;0
"12591";10;14;15;18;15;19;19;12;14;15;14;20;24;27;21;29;26;17;18;14;0
"12658";5;10;10;12;10;11;10;8;12;16;8;12;11;13;14;11;11;7;11;16;0
"12682";13;16;20;19;15;20;20;15;5;1;19;22;31;29;23;31;28;19;7;1;0
"12690";13;15;15;14;17;18;18;19;19;14;19;19;18;19;24;26;26;28;21;13;0
"12757";5;10;10;7;5;8;8;5;10;2;8;12;11;6;2;7;4;1;2;1;0
"12773";5;7;6;5;7;1;3;6;2;1;8;10;8;4;3;0;5;4;1;1;0
"12799";12;13;13;15;15;14;14;17;16;19;19;17;18;24;22;21;20;26;23;14;0
"12831";9;8;6;12;9;11;9;10;10;8;12;11;4;11;12;7;6;9;8;7;0
"12849";10;20;20;10;5;20;10;1;5;10;14;39;31;12;6;28;11;2;6;7;0
"12948";10;12;11;10;10;15;10;5;16;5;14;15;12;10;15;15;8;5;21;4;0
"13045";12;14;10;15;5;13;10;11;14;6;19;19;12;17;9;15;12;11;12;7;0
"13078";4;5;2;7;10;9;11;8;5;4;5;5;3;8;14;10;13;8;5;2;0
"13128";14;12;15;16;18;10;16;18;6;13;16;17;20;26;26;13;23;23;10;13;0
"13144";15;15;15;5;5;7;5;1;1;2;25;20;18;1;1;3;0;0;0;1;0
"13151";10;12;13;10;9;10;12;10;8;10;14;15;16;8;9;10;12;9;7;7;0
"13169";12;15;12;13;12;11;18;15;20;20;19;19;16;14;13;11;20;17;23;27;0
"13177";10;5;15;20;15;10;9;15;5;10;14;7;22;29;19;11;9;18;5;7;0
"13243";6;5;7;5;7;4;8;5;3;5;8;4;7;4;4;3;3;2;1;2;0
"13276";5;5;7;10;4;5;6;0;1;1;8;9;11;14;3;2;0;0;2;1;0
"13284";10;12;8;6;6;14;6;10;5;5;14;15;8;8;2;8;3;7;4;3;0
"13300";7;9;9;10;9;9;9;9;11;9;8;9;11;8;11;10;9;9;10;9;0
"13441";10;10;8;12;8;11;8;6;8;4;14;10;10;11;9;10;6;4;4;2;0
"13458";12;14;18;13;15;14;15;16;13;14;19;19;24;17;16;18;20;20;16;12;0
"13615";3;5;4;4;3;10;5;2;2;10;3;4;2;1;5;13;4;1;1;9;0
"13698";15;13;12;15;17;18;15;10;16;19;25;17;17;24;25;27;21;8;24;19;0
"13706";8;12;7;11;3;6;6;2;11;1;13;15;9;8;1;3;1;1;5;0;0
"13979";10;6;8;6;14;15;14;7;5;5;14;12;11;7;19;18;21;8;3;4;0
"13995";12;13;14;15;16;17;17;18;19;20;19;17;20;25;24;26;24;26;29;38;0
"14001";10;5;15;0;20;19;5;4;15;5;14;7;22;0;39;9;6;5;16;4;0
"14027";7;6;8;5;7;7;6;7;1;4;8;7;8;5;6;8;2;4;1;3;0
"14092";10;20;12;15;20;20;20;20;18;0;14;39;13;21;37;30;30;29;27;0;0
"14100";10;9;15;20;15;10;15;10;15;15;14;11;23;23;19;10;19;11;20;11;0
"14118";13;5;12;2;20;20;20;20;1;20;19;4;12;1;26;31;28;28;0;13;0
"14159";15;12;13;15;14;14;14;17;16;20;25;12;17;23;18;21;20;25;23;18;0
"14175";10;12;8;10;5;2;4;4;5;5;14;15;8;8;2;1;0;3;4;2;0
"14266";11;9;10;8;10;10;11;8;8;10;16;9;10;7;11;11;11;6;7;7;0
"14282";11;15;10;20;15;5;15;7;5;1;16;19;13;26;20;4;14;7;6;1;0
"14373";14;15;15;18;20;8;9;9;10;18;16;17;19;19;30;2;8;6;4;21;0
"14399";6;8;16;18;20;15;14;16;10;20;8;15;26;30;29;23;18;23;11;27;0
"14449";6;10;11;12;14;15;8;5;8;2;8;12;14;13;17;14;7;4;4;1;0
"14464";8;13;6;14;5;9;4;10;12;4;13;13;8;12;4;10;1;10;9;2;0
"14506";6;13;8;9;8;6;13;5;7;7;8;13;8;7;5;3;12;4;1;4;0
"14522";5;10;8;10;4;5;8;10;3;5;8;12;10;10;2;3;3;7;2;2;0
"14548";5;8;10;11;12;9;5;12;10;8;8;13;15;14;15;10;3;13;9;7;0
"14563";14;15;12;12;13;14;10;12;11;12;16;17;16;13;14;13;9;12;10;10;0
"14589";7;10;12;10;7;15;6;6;14;4;8;10;15;6;5;13;3;3;7;2;0
"14597";20;20;10;20;10;20;20;20;20;20;41;25;13;23;12;25;28;26;26;19;0
"14852";6;6;4;8;4;6;4;7;5;5;8;5;3;6;2;4;2;3;4;2;0
"14878";5;8;8;10;10;8;8;5;5;7;8;13;10;15;11;7;5;2;1;4;0
"15032";12;8;15;11;15;5;7;12;9;16;19;8;21;8;15;3;3;13;8;19;0
"15057";10;12;9;11;9;12;13;8;10;11;14;15;12;11;12;16;18;10;11;7;0
"15065";9;12;15;16;10;18;15;12;7;18;12;15;20;21;11;23;23;10;6;21;0
"15099";13;14;14;14;16;14;14;13;13;14;19;18;19;23;23;20;20;19;16;11;0
"15115";10;8;15;20;5;10;8;10;15;10;14;13;22;21;4;8;6;10;15;8;0
"15198";12;15;15;15;17;17;17;17;18;20;19;19;19;21;24;24;25;25;27;30;0
"15230";4;5;3;6;3;2;5;10;2;1;5;5;4;5;2;1;5;7;2;1;0
"15263";20;20;20;20;20;20;20;20;20;10;41;25;31;29;30;29;30;30;15;5;0
"15289";5;12;14;15;5;12;2;15;12;2;8;15;18;19;6;11;1;21;11;3;0
"15370";12;14;15;16;17;18;18;19;20;12;19;19;22;26;25;27;27;28;22;10;0
"15396";10;10;10;14;14;14;10;10;14;0;14;10;10;19;17;20;12;10;12;0;0
"15420";1;2;3;1;2;4;4;1;2;1;1;2;3;1;2;4;3;1;1;0;0
"15438";10;8;12;12;12;12;6;8;8;10;14;13;19;14;15;11;4;10;7;9;0
"15552";15;16;17;13;15;18;10;20;14;10;25;22;22;17;16;24;10;20;12;10;0
"15560";12;7;14;12;6;5;2;6;2;6;19;7;19;9;10;7;1;5;2;6;0
"15602";5;7;10;8;15;20;10;5;3;10;8;10;14;8;22;28;9;4;3;11;0
"15636";15;19;5;13;1;12;20;11;12;13;25;21;8;11;0;11;31;13;15;9;0
"15743";12;13;8;14;8;10;6;9;8;7;19;17;10;16;12;9;4;11;7;4;0
"15842";20;20;20;20;20;20;20;19;19;0;41;25;31;29;30;29;30;29;21;0;0
"15859";12;8;8;15;15;13;9;13;7;14;19;8;9;16;17;16;10;14;7;12;0
"15875";10;12;13;9;10;11;11;9;10;11;14;15;16;7;12;14;11;9;9;10;0
"15958";20;20;20;20;20;20;18;18;20;0;41;25;31;29;30;29;29;25;22;0;0
"16121";7;8;8;9;9;11;6;6;13;5;8;11;11;10;9;11;5;5;13;3;0
"16147";10;6;8;7;6;11;12;10;10;8;14;12;11;8;5;13;14;12;9;5;0
"16220";5;10;20;15;20;15;15;10;10;10;8;12;24;21;27;19;19;11;11;6;0
"16261";7;9;8;9;8;7;8;9;9;9;8;9;10;7;5;6;4;5;5;8;0
"16261";7;8;8;11;11;13;9;10;12;10;8;11;11;13;12;13;9;10;10;9;0
"16279";10;13;12;13;11;12;1;4;10;0;14;18;16;17;13;14;1;2;9;0;0
"16345";4;5;2;3;1;2;2;1;1;0;5;5;3;2;1;2;1;1;0;0;0
"16360";5;6;6;5;4;6;6;5;5;5;8;10;9;5;4;6;2;3;1;2;0
"16402";11;14;12;13;13;14;12;12;6;11;16;20;16;17;16;14;15;13;6;7;0
"16436";12;14;5;16;10;12;8;10;12;7;19;19;5;18;13;12;6;10;9;6;0
"16451";15;10;13;7;15;11;20;10;16;15;25;10;15;9;21;14;26;13;16;11;0
"16519";12;13;10;12;7;7;12;12;5;13;19;17;13;12;10;9;16;13;5;11;0
"16568";10;5;8;5;10;5;7;5;4;3;14;7;9;5;6;3;3;2;1;1;0
"16584";2;4;6;2;1;1;1;3;3;1;2;1;2;1;1;1;1;2;1;0;0
"16592";8;9;12;9;4;8;16;20;20;20;13;13;19;11;4;8;16;25;27;28;0
"16600";10;12;15;15;17;20;20;15;5;10;14;15;21;24;25;30;28;19;7;7;0
"16618";15;15;10;11;10;10;12;10;11;9;25;20;13;12;11;9;14;9;11;6;0
"16634";6;8;10;4;7;14;3;9;12;8;8;15;15;4;5;17;1;11;9;7;0
"16642";12;14;15;16;18;18;18;17;17;16;19;19;22;26;27;27;26;24;24;6;0
"16733";20;20;20;20;20;20;20;20;20;0;41;25;31;29;30;29;30;30;15;0;0
"16790";10;15;12;15;13;17;20;19;19;12;14;16;16;18;15;25;27;28;25;6;0
"16832";6;10;5;7;6;2;10;1;4;4;8;12;5;6;2;1;5;0;0;0;0
"16907";20;20;20;20;20;20;7;20;20;20;41;25;31;29;30;29;6;18;24;28;0
"16964";12;10;16;20;0;12;16;16;0;10;19;13;25;22;0;5;20;0;0;8;0
"17004";8;10;7;12;8;9;2;13;11;9;13;13;7;12;10;10;1;15;11;8;0
"17046";12;13;16;19;14;16;15;14;20;18;19;17;24;21;18;21;20;21;31;19;0
"17095";20;20;18;20;19;17;20;20;20;20;41;25;28;29;27;26;32;30;30;25;0
"17103";10;10;20;20;20;20;20;20;20;15;14;10;26;30;29;30;30;30;23;14;0
"17285";5;3;5;3;5;0;4;10;0;3;8;4;9;3;2;0;5;0;0;2;0
"17392";5;8;13;20;20;20;20;20;20;19;8;13;25;34;37;22;31;29;29;24;0
"17491";5;8;10;12;12;15;13;14;13;16;8;13;15;17;16;15;20;17;13;14;0
"17558";4;6;7;7;7;5;5;4;6;3;5;6;7;5;3;3;1;1;0;0;0
"17657";15;15;15;20;15;20;20;15;15;15;25;20;18;28;19;30;27;19;20;5;0
"17715";20;19;20;20;20;20;20;20;20;0;41;24;31;29;30;29;30;30;15;0;0
"17830";5;8;9;9;10;8;9;6;2;3;8;13;14;11;12;10;7;4;1;2;0
"17947";11;14;18;18;15;18;15;15;15;15;16;20;24;27;22;26;21;21;20;5;0
"17954";5;8;5;7;6;9;10;7;7;5;8;13;5;7;7;10;10;5;4;3;0
"18010";2;5;2;1;2;2;2;3;3;2;2;1;0;1;1;2;2;2;1;1;0
"18051";15;20;14;15;20;18;19;20;20;20;25;19;18;22;28;26;30;30;23;19;0
"18077";5;8;9;10;11;13;8;5;0;1;8;13;14;13;14;13;6;4;0;1;0
"18093";20;20;20;20;20;20;20;20;20;20;41;25;31;29;30;29;30;30;15;24;0
"18101";15;13;15;15;14;15;12;16;15;12;25;17;21;25;21;23;17;23;15;10;0
"18127";20;20;20;20;20;20;20;20;20;15;41;25;31;29;30;29;30;30;15;12;0
"18150";10;12;12;6;10;8;2;4;1;10;14;15;14;4;11;7;0;3;1;8;0
"18168";5;3;10;2;5;20;1;15;6;3;8;4;14;2;4;28;0;14;2;0;0
"18333";5;7;9;11;6;7;12;4;6;8;8;10;13;14;6;7;14;3;6;7;0
"18416";12;12;11;12;8;11;11;12;8;10;19;16;12;13;12;13;12;13;9;6;0
"18556";10;12;8;15;10;11;11;13;12;5;14;15;8;16;15;10;12;14;10;7;0
"18598";20;20;15;20;1;6;2;0;16;17;41;25;23;27;1;6;1;0;28;13;0
"18606";15;14;13;14;17;14;12;20;13;10;25;19;18;23;25;20;15;22;12;10;0
"18754";7;7;8;10;12;14;15;20;20;10;8;11;8;12;15;18;23;28;31;5;0
"18770";13;15;8;13;15;18;20;20;20;14;19;19;6;14;20;24;29;30;22;13;0
"18804";9;11;13;10;12;11;9;12;10;11;12;14;18;8;15;12;10;12;9;8;0
"18978";10;5;8;5;15;2;10;5;8;3;14;7;9;5;18;0;8;4;2;3;0
"19000";12;15;12;12;11;12;18;3;17;19;19;19;16;14;12;13;26;4;24;27;0
"19026";20;20;20;20;20;20;20;20;20;20;41;25;31;29;30;29;30;30;15;24;0
"19042";5;8;8;7;8;6;6;3;1;3;8;13;10;9;6;5;3;1;1;2;0
"19059";5;15;20;1;7;1;20;10;10;3;8;16;26;0;3;0;9;8;6;2;0
"19075";20;15;20;15;15;20;20;20;20;18;41;25;33;23;23;30;28;29;26;18;0
"19257";5;10;15;15;20;14;5;5;8;5;8;12;22;24;30;18;5;7;7;2;0
"19265";8;11;13;12;13;12;10;0;14;2;13;15;20;14;15;15;10;0;24;2;0
"19398";10;6;10;14;15;16;12;8;0;2;14;12;14;26;23;25;13;7;0;2;0
"19422";0;0;0;0;0;0;0;0;0;0;0;0;0;0;0;0;0;0;0;0;1
"19455";12;13;13;14;14;14;15;15;16;16;19;17;18;23;20;21;22;22;22;6;0
"19463";20;20;20;20;20;20;20;20;20;20;41;25;31;29;30;29;30;30;15;24;0
"19513";4;10;6;7;13;12;13;11;13;1;5;11;6;7;17;14;15;12;12;1;0
"19554";5;5;6;3;10;2;5;4;5;6;8;9;9;4;9;0;1;2;1;1;0
"19612";20;20;15;20;20;20;20;20;20;10;41;25;23;27;31;29;30;29;22;5;0
"19653";5;10;7;5;10;0;5;20;5;4;8;12;9;4;7;0;6;0;9;3;0
"19745";13;14;17;18;4;7;19;1;11;0;19;18;24;25;0;5;23;0;1;0;0
"19802";4;5;1;2;3;0;5;0;0;4;5;5;1;2;4;0;6;0;0;3;0
"19935";5;10;10;8;5;10;2;3;5;0;8;12;11;7;2;4;0;0;0;0;0
"20131";6;11;10;15;16;12;14;18;20;17;8;12;12;23;21;17;19;24;31;17;0
"20321";10;15;14;12;20;20;20;20;20;20;14;16;16;13;28;30;28;29;26;20;0
"20404";10;15;5;5;1;2;5;0;0;3;14;16;6;3;0;1;1;0;0;2;0
"20487";5;8;10;7;12;13;6;10;8;15;8;13;15;8;19;13;5;12;7;13;0
"20495";10;15;15;16;10;11;10;20;20;20;14;16;17;16;11;11;10;24;31;28;0
"20594";20;20;20;20;20;20;20;20;20;10;41;25;31;29;30;29;30;30;15;5;0
"20677";12;15;10;10;5;5;13;17;20;20;19;19;12;9;4;3;15;24;29;29;0
"20735";10;12;10;8;16;5;8;10;8;8;14;15;11;10;21;5;6;8;7;5;0
"20743";3;4;2;5;5;2;3;1;2;1;3;1;0;7;4;2;2;1;0;0;0
"20784";10;6;8;10;13;10;12;9;9;11;14;12;11;12;15;12;14;9;9;7;0
"20818";2;4;8;0;5;0;3;4;0;0;2;1;4;0;10;0;4;0;0;0;0
"20826";20;10;20;20;20;20;20;20;15;20;41;16;31;31;30;29;30;30;21;17;0
"20933";10;14;16;18;20;20;20;20;20;20;14;20;22;25;30;31;30;30;30;25;0
"21006";5;6;4;5;10;4;4;3;7;3;8;10;7;6;8;3;1;2;3;2;0
"21030";10;9;5;4;6;6;8;4;4;2;14;11;4;4;6;7;2;2;1;1;0
"21063";13;16;13;8;13;10;11;12;11;5;19;22;16;7;17;11;12;13;9;3;0
"21071";8;10;11;12;8;14;8;12;7;8;13;13;16;15;9;18;8;12;7;5;0
"21089";4;6;5;10;10;12;13;15;18;20;5;6;5;10;14;13;18;20;26;29;0
"21147";7;10;8;12;7;10;6;5;4;8;8;10;9;11;7;9;4;1;1;5;0
"21238";14;15;10;14;12;8;13;10;12;13;16;17;12;14;12;7;14;10;14;12;0
"21287";6;7;7;7;6;5;1;1;0;5;8;8;8;5;2;3;0;0;0;4;0
"21303";15;18;0;7;7;10;5;15;8;14;25;16;0;9;14;4;7;20;7;16;0
"21352";10;14;14;15;16;18;20;20;20;18;14;20;21;25;24;27;29;30;22;16;0
"21394";3;5;0;4;20;8;0;15;0;20;3;4;0;5;39;4;0;0;0;15;0
"21436";11;13;13;11;9;12;12;9;13;12;16;17;18;11;9;12;12;8;15;11;0
"21600";5;7;8;8;5;6;1;5;3;2;8;10;11;9;6;4;1;3;1;1;0
"21634";15;18;1;2;4;4;2;2;2;1;25;16;2;3;4;2;2;1;1;0;0
"21659";11;15;9;13;11;7;7;0;6;13;16;19;13;13;11;5;6;0;10;10;0
"21691";18;18;15;15;15;0;12;15;0;0;25;23;20;21;16;0;15;0;0;0;0
"21717";10;10;11;10;9;10;11;10;9;10;14;10;12;6;11;11;11;9;8;10;0
"21733";2;4;1;0;1;2;1;4;3;2;2;1;0;0;2;1;1;5;2;1;0
"21741";20;20;20;20;20;20;20;20;20;0;41;25;31;29;30;29;30;30;15;0;0
"21758";20;20;20;20;20;20;20;20;20;20;41;25;31;29;30;29;30;30;15;24;0
"21816";10;10;0;2;4;20;2;1;4;0;14;10;0;3;8;9;2;1;2;0;0
"21931";12;7;8;10;1;0;2;5;2;3;19;7;8;9;0;0;2;0;3;4;0
"22020";20;20;20;20;20;20;20;20;20;20;41;25;31;29;30;29;30;30;15;24;0
"22053";14;13;13;13;14;12;12;14;12;9;16;17;16;17;17;15;14;17;11;7;0
"22129";12;5;15;10;5;19;7;9;11;5;19;4;18;4;4;16;5;11;9;4;0
"22152";10;16;15;20;20;20;20;20;20;1;14;24;20;30;31;30;30;29;23;1;0
"22160";10;12;15;17;16;20;16;20;16;18;14;15;21;22;23;30;23;22;21;13;0
"22186";15;18;8;12;10;10;15;7;7;12;25;16;12;11;10;8;17;5;6;10;0
"22202";12;13;13;14;14;15;15;14;14;15;19;17;18;23;20;23;22;21;19;9;0
"22236";14;15;4;17;18;20;20;15;20;1;16;17;3;21;25;30;28;19;22;0;0
"22277";5;10;10;15;12;12;20;20;10;10;8;12;11;17;14;13;25;25;11;9;0
"22335";6;7;5;3;6;11;13;2;0;7;8;8;5;2;5;15;12;0;0;5;0
"22418";10;11;12;12;10;10;12;12;10;10;14;13;14;13;11;9;14;11;9;7;0
"22442";9;10;5;8;9;12;6;15;10;15;12;12;4;7;11;12;2;18;7;17;0
"22467";17;19;10;5;20;12;1;15;15;15;26;21;14;5;30;14;1;23;19;5;0
"22525";11;14;12;15;16;20;14;12;11;11;16;20;16;24;24;30;14;8;12;9;0
"22558";12;16;12;16;15;10;18;8;12;13;19;21;17;19;19;11;21;11;15;12;0
"22566";15;15;10;14;17;15;13;12;15;19;25;20;13;16;21;21;17;12;17;13;0
"22640";20;20;20;20;20;20;20;20;20;20;41;25;31;29;30;29;30;30;15;24;0
"22715";10;12;10;7;9;8;15;12;13;11;14;15;11;9;8;9;19;15;15;7;0
"22723";5;8;5;6;7;3;3;1;1;2;8;13;5;6;8;3;1;1;1;1;0
"22822";15;15;5;0;2;5;0;3;0;20;25;20;5;0;4;2;0;0;0;15;0
"22830";8;12;17;12;6;9;18;20;10;13;13;15;21;11;7;11;27;24;14;12;0
"22863";5;6;13;15;14;10;13;12;16;13;8;10;23;19;19;11;15;13;20;12;0
"22871";5;10;15;8;10;13;0;20;15;13;8;12;22;5;13;14;0;0;26;10;0
"22889";20;20;20;20;20;20;20;20;20;20;41;25;31;29;30;29;30;30;15;24;0
"22897";6;4;8;5;4;4;7;3;3;4;8;5;11;8;2;1;2;1;1;1;0
"22905";11;14;16;19;15;12;15;6;3;5;16;20;22;27;19;14;19;5;4;5;0
"22913";20;20;20;20;10;20;15;20;20;20;41;25;31;29;10;25;14;20;28;28;0
"22996";8;10;7;10;12;14;13;14;16;20;13;13;7;10;16;15;18;18;22;14;0
"23077";5;7;10;13;20;6;4;7;8;3;8;10;14;19;29;3;2;4;2;2;0
"23150";20;20;20;20;20;20;20;20;20;0;41;25;31;29;30;29;30;30;15;0;0
"23168";10;11;12;11;9;11;12;11;8;20;14;13;14;9;13;12;14;11;8;23;0
"23176";5;7;8;1;10;4;5;3;20;18;8;10;11;1;8;3;1;1;18;24;0
"23192";20;20;20;20;20;20;18;17;18;15;41;25;31;29;30;29;29;24;26;11;0
"23218";19;20;20;20;20;20;20;20;20;10;26;30;30;30;30;29;30;30;15;5;0
"23275";12;12;13;14;7;11;9;11;9;10;19;16;19;23;8;10;9;11;8;10;0
"23283";10;15;5;20;20;20;10;15;10;20;14;16;6;26;33;29;15;13;12;27;0
"23317";13;13;10;14;16;12;13;13;7;13;19;16;12;16;19;16;15;16;8;11;0
"23341";15;15;17;20;15;18;20;10;15;15;25;20;24;30;22;28;28;11;20;11;0
"23390";10;10;11;11;8;7;10;9;5;5;14;10;12;8;10;8;10;6;5;4;0
"23416";18;19;20;18;16;18;18;20;19;20;25;29;28;25;24;27;26;30;21;20;0
"23499";5;6;8;8;10;10;11;12;12;8;8;10;12;10;10;11;13;12;10;7;0
"23523";5;10;12;15;10;15;20;15;12;8;8;12;16;23;12;21;31;20;14;7;0
"23531";10;10;12;13;10;12;7;10;12;10;14;10;14;16;14;13;4;13;9;9;0
"23580";10;8;9;8;10;9;8;6;9;7;14;13;13;10;10;10;6;4;6;4;0
"23648";5;3;8;2;5;1;6;4;5;3;8;4;11;2;4;0;9;0;2;0;0
"23713";7;12;7;5;3;1;1;0;0;0;8;10;7;4;2;1;1;0;0;0;0
"23747";5;8;10;5;12;6;9;5;15;5;8;13;15;6;17;7;7;3;16;3;0
"23762";5;7;2;12;7;7;5;13;7;8;8;10;3;12;4;4;1;10;5;7;0
"23838";8;15;10;10;20;15;20;20;20;10;13;11;13;9;29;19;31;29;29;5;0
"23986";13;15;16;12;18;12;14;16;12;9;19;19;21;15;21;14;16;22;10;8;0
"24059";9;11;12;14;20;20;16;17;14;20;12;14;15;23;30;30;26;24;19;17;0
"24067";10;10;11;8;9;9;10;7;10;16;14;10;12;10;10;8;11;4;8;19;0
"24091";5;10;15;15;17;16;17;18;20;2;8;12;22;24;25;23;24;26;24;2;0
"24125";8;10;8;8;14;15;10;15;12;20;13;13;8;8;20;15;12;17;11;23;0
"24190";5;10;12;15;15;16;18;19;18;20;8;12;16;23;21;24;26;28;20;21;0
"24216";5;7;5;10;7;7;10;5;3;5;8;10;6;12;6;7;9;3;2;3;0
"24224";4;5;4;7;6;4;1;3;2;3;5;5;4;6;2;2;0;2;1;1;0
"24281";5;8;8;6;6;13;6;3;12;4;8;13;10;7;4;11;5;1;5;2;0
"24307";5;5;5;10;7;12;14;5;11;16;8;9;8;14;6;15;19;4;16;19;0
"24349";10;10;5;10;10;10;10;0;0;0;14;10;4;10;13;10;8;0;0;0;0
"24356";4;4;5;4;1;8;4;6;3;4;5;4;5;2;1;8;3;3;3;4;0
"24406";10;8;11;15;14;15;16;18;18;18;14;13;16;26;21;23;24;26;26;20;0
"24414";10;10;11;12;10;10;8;14;10;10;14;10;12;12;14;11;7;16;9;7;0
"24430";5;7;15;20;15;10;0;10;0;2;8;10;23;22;19;10;0;0;0;2;0
"24463";7;10;8;10;9;10;10;9;10;12;8;10;9;8;11;11;10;9;9;11;0
"24471";1;2;4;5;8;2;2;3;20;2;1;2;5;4;5;1;2;2;14;0;0
"24489";12;15;15;13;18;18;15;19;19;20;19;19;19;17;26;25;22;21;29;25;0
"24604";20;20;20;20;20;20;20;5;0;0;41;25;31;29;30;29;30;7;0;0;0
"24711";4;6;5;5;6;3;7;2;6;4;5;6;5;4;3;2;1;1;1;1;0
"24752";15;10;17;5;20;16;2;16;19;15;25;10;24;4;22;20;1;21;18;8;0
"24828";10;13;15;20;20;20;20;20;20;14;14;18;24;23;30;29;29;30;22;13;0
"24836";20;20;20;20;19;20;18;15;19;20;41;25;31;29;28;29;29;20;27;29;0
"24844";10;5;8;6;11;8;12;7;4;9;14;7;9;6;14;7;14;5;3;6;0
"24851";15;15;15;15;20;15;20;15;20;10;25;20;18;21;30;19;32;22;22;8;0
"24885";5;8;9;11;7;3;6;1;7;5;8;13;14;14;8;2;2;1;3;2;0
"24927";5;10;8;7;12;11;11;12;11;7;8;12;10;7;15;12;12;13;9;4;0
"24935";15;15;14;14;15;12;12;15;0;12;25;20;18;23;22;18;15;19;0;9;0
"24943";12;7;4;12;10;11;8;4;10;7;19;7;3;13;13;9;6;2;3;1;0
"24976";10;15;10;12;20;5;15;5;12;9;14;16;13;11;28;1;13;6;13;11;0
"25007";15;15;5;20;10;15;10;7;9;8;25;20;5;22;13;17;8;8;8;5;0
"25064";3;5;4;1;1;2;2;1;6;1;3;4;2;1;1;2;2;1;4;0;0
"25072";10;10;5;8;3;10;10;5;10;1;14;10;4;7;1;8;8;1;2;0;0
"25098";15;18;15;2;0;5;0;10;10;0;25;16;18;0;0;2;0;0;17;0;0
"25148";7;6;8;12;5;6;7;4;5;6;8;7;8;13;4;5;2;1;1;1;0
"25262";7;9;10;11;8;7;8;5;7;9;8;9;13;12;11;7;4;3;3;4;0
"25338";10;15;5;10;12;13;13;13;12;8;14;16;6;8;15;13;15;15;11;7;0
"25353";12;13;6;14;12;14;11;12;9;9;19;17;8;15;17;13;9;12;9;6;0
"25387";1;2;4;5;3;0;3;2;0;1;1;2;5;4;2;0;4;0;0;1;0
"25395";13;15;5;17;16;18;0;14;0;5;19;19;5;13;21;25;0;0;0;4;0
"25403";4;6;5;6;3;5;5;0;6;6;5;6;5;5;1;5;3;0;10;5;0
"25445";10;15;16;18;6;10;10;8;4;4;14;16;18;25;5;10;9;6;4;2;0
"25460";3;5;5;2;3;3;6;0;5;10;3;4;2;2;3;3;3;0;9;8;0
"25502";10;11;15;12;0;5;2;1;4;0;14;13;21;9;0;2;2;0;2;0;0
"25510";10;10;5;5;6;10;5;10;8;14;14;10;4;5;3;11;1;10;7;13;0
"25544";7;10;12;11;8;10;12;7;5;15;8;10;15;10;11;11;12;4;4;15;0
"25569";10;13;15;16;18;18;20;20;20;20;14;18;24;27;26;27;30;30;23;20;0
"25619";7;7;7;8;8;4;10;6;5;5;8;11;7;9;6;1;5;2;1;2;0
"25684";10;12;14;16;18;20;8;20;10;8;14;15;20;21;26;30;9;18;10;8;0
"25742";10;13;15;20;15;15;15;20;20;20;14;18;24;23;19;19;21;28;31;23;0
"25890";10;12;14;16;15;15;15;15;15;15;14;15;20;21;20;22;22;21;20;9;0
"26005";10;15;10;20;15;0;15;20;10;10;14;16;13;26;20;0;18;0;17;10;0
"26047";7;7;8;9;5;9;4;6;6;2;8;11;8;9;3;5;1;1;0;0;0
"26138";6;8;9;5;4;8;6;3;2;5;8;15;14;6;3;8;2;2;0;2;0
"26153";4;5;5;5;6;6;6;2;3;2;5;5;6;3;4;5;1;1;2;1;0
"26161";11;7;11;7;5;9;10;7;5;12;16;10;15;7;5;11;9;5;5;12;0
"26328";4;3;7;15;10;8;12;17;15;20;5;3;9;19;13;7;14;21;13;13;0
"26351";12;13;12;7;17;17;14;17;12;12;19;17;16;9;24;21;19;18;11;14;0
"26401";11;13;15;15;16;15;16;16;15;18;16;17;22;24;24;22;24;24;22;13;0
"26476";15;15;15;10;15;10;10;12;20;18;25;20;18;10;14;11;9;13;24;11;0
"26500";8;8;6;8;9;11;5;5;8;9;13;12;8;9;10;11;3;3;8;7;0
"26518";2;4;3;2;10;5;3;5;5;15;2;1;0;2;6;3;1;3;1;11;0
"26526";8;10;12;14;10;14;16;20;14;15;13;13;19;21;14;21;25;27;20;12;0
"26625";8;9;8;9;10;6;7;3;10;2;13;13;11;10;9;6;4;1;3;1;0
"26633";5;8;9;5;5;3;6;6;3;7;8;13;14;6;4;1;6;4;2;4;0
"26690";5;8;15;20;13;20;1;5;2;20;8;13;27;33;17;31;0;2;2;18;0
"26724";2;3;4;1;4;3;4;2;3;2;2;1;0;1;3;3;3;1;2;1;0
"26740";15;16;18;20;20;20;16;20;12;16;25;22;26;31;29;29;26;22;18;13;0
"26807";6;9;7;8;5;3;0;2;5;7;8;11;8;9;2;1;0;0;9;5;0
"26815";15;20;18;15;13;19;10;7;7;10;25;19;21;17;12;24;8;6;4;7;0
"26948";10;10;7;8;6;5;8;3;3;1;14;10;9;9;3;1;2;1;1;0;0
"26997";10;14;10;12;15;12;17;13;18;3;14;20;13;14;20;15;22;16;21;2;0
"27029";10;8;11;9;12;10;8;9;11;2;14;13;16;11;18;10;7;9;9;2;0
"27102";4;6;5;6;7;3;4;5;7;3;5;6;5;5;3;2;1;3;2;1;0
"27169";5;8;10;15;12;8;10;2;4;6;8;13;15;18;14;8;8;2;4;6;0
"27300";6;7;10;11;6;9;12;10;5;6;8;8;14;13;8;11;16;11;4;3;0
"27326";5;10;5;10;2;10;2;12;4;6;8;12;6;9;1;5;2;8;2;2;0
"27334";10;10;5;20;8;12;10;11;5;4;14;10;4;18;10;12;7;12;4;1;0
"27433";17;20;20;20;20;20;20;20;20;18;26;27;29;27;28;29;29;29;22;16;0
"27490";10;15;12;8;5;10;1;4;20;2;14;16;16;6;2;4;0;0;18;1;0
"27664";3;5;2;15;6;10;8;4;1;4;3;4;1;14;3;10;5;1;0;1;0
"27698";5;7;10;3;18;10;3;1;5;0;8;10;14;3;28;12;3;0;2;0;0
"27722";11;12;13;14;15;16;17;18;19;20;16;15;16;23;22;24;25;26;29;38;0
"27797";5;7;9;6;6;7;8;5;4;4;8;10;13;6;5;7;3;2;1;1;0
"27813";5;10;5;12;5;15;4;8;10;3;8;12;6;11;1;12;2;4;6;1;0
"27847";19;20;20;20;20;20;20;20;20;20;26;30;30;30;30;29;30;30;15;24;0
"27862";5;10;12;10;5;8;5;10;8;10;8;12;16;8;3;4;1;6;5;9;0
"28043";7;9;11;13;10;8;11;9;8;10;8;9;16;15;10;7;12;6;6;8;0
"28076";5;8;9;11;15;15;16;18;20;20;8;13;14;14;20;14;22;26;31;30;0
"28092";18;20;20;20;20;20;20;20;20;10;25;31;28;30;30;30;30;30;23;5;0
"28142";10;15;5;9;7;12;10;5;1;7;14;16;6;7;2;6;7;2;0;2;0
"28399";10;11;11;12;11;11;11;11;11;10;14;13;13;13;11;12;12;12;10;8;0
"28431";9;12;13;13;15;16;15;18;18;19;12;15;16;21;22;23;22;26;28;21;0
"28480";10;10;14;12;5;10;12;12;12;5;14;10;19;9;7;15;15;14;11;5;0
"28571";15;17;12;13;13;15;13;13;10;12;25;18;17;14;13;13;16;15;8;10;0
"28647";12;13;16;16;16;15;16;18;17;18;19;17;24;27;23;22;24;26;25;13;0
"28670";10;15;15;10;15;17;20;18;20;15;14;16;17;12;15;23;27;26;22;14;0
"28704";12;16;18;20;20;20;20;20;20;10;19;21;24;30;29;30;30;30;23;5;0
"28738";10;17;2;4;20;10;10;5;15;17;14;21;2;3;22;12;13;5;21;24;0
"28746";10;12;10;10;5;10;10;12;10;5;14;15;11;10;6;12;11;13;9;3;0
"28787";5;10;6;2;1;2;6;2;1;5;8;12;7;1;1;2;5;1;1;3;0
"28829";7;8;9;10;9;10;7;6;9;4;8;11;12;12;10;9;6;4;5;1;0
"29298";11;13;13;14;16;16;17;18;19;20;16;17;18;23;24;23;24;26;29;38;0
"29447";10;13;18;18;20;20;20;20;20;20;14;18;28;27;31;31;30;29;30;25;0
"29520";15;20;10;12;5;8;12;15;16;10;25;19;15;11;6;10;14;19;19;9;0
"29538";15;16;15;14;20;20;15;15;20;15;25;22;18;18;30;29;25;20;25;10;0
"29629";20;20;20;20;20;20;20;20;20;20;41;25;31;29;30;29;30;30;15;24;0
"29637";20;20;20;20;20;20;20;20;20;0;41;25;31;29;30;29;30;30;15;0;0
"29660";10;11;8;8;10;9;12;10;8;5;14;13;10;8;10;9;12;9;7;2;0
"29801";20;15;14;15;20;12;18;15;5;10;41;25;21;26;31;15;22;20;7;7;0
"29850";6;7;5;8;7;5;6;10;5;3;8;8;5;6;4;2;2;6;1;0;0
"29934";20;20;15;15;16;18;15;15;15;15;41;25;23;21;24;26;21;22;20;5;0
"30122";11;13;12;11;13;11;12;9;9;9;16;17;14;12;18;14;13;10;9;6;0
"30148";14;8;14;10;3;5;10;2;3;9;16;11;15;9;2;3;4;1;1;6;0
"30163";5;7;10;8;12;15;5;6;6;7;8;10;14;8;17;11;3;5;3;5;0
"30197";10;12;8;20;10;12;14;13;20;20;14;15;8;22;13;12;19;17;30;30;0
"30213";15;20;10;15;5;20;20;20;20;20;25;19;15;13;6;23;31;27;29;23;0
"30262";5;5;5;5;7;11;17;20;19;20;8;9;8;7;4;15;26;26;28;23;0
"30353";13;15;16;14;18;14;17;17;13;15;19;19;21;19;26;20;24;24;18;9;0
"30577";8;10;5;6;7;8;6;6;15;5;13;13;5;5;4;7;2;2;7;2;0
"30593";15;18;5;10;5;0;12;12;3;5;25;16;9;16;3;0;15;0;5;3;0
"30601";2;2;0;0;1;1;0;1;1;1;2;0;0;0;2;0;0;0;2;1;0
"30643";10;10;5;1;1;2;1;1;0;1;14;10;4;0;1;2;1;1;0;1;0
"30775";5;8;15;15;17;18;10;15;0;5;8;13;27;23;26;27;11;10;0;4;0
"30809";6;5;3;10;15;10;11;15;19;8;8;4;2;12;20;10;12;17;27;7;0
"30825";3;3;5;1;2;5;7;3;1;1;3;1;1;1;2;4;3;2;1;1;0
"30833";5;18;4;7;3;5;1;0;2;4;8;32;5;8;3;3;2;0;3;3;0
"30924";12;10;12;11;12;10;12;8;10;6;19;13;16;9;11;10;12;6;9;3;0
"30973";5;8;7;8;8;5;10;7;10;5;8;13;9;10;8;4;9;5;8;2;0
"30999";4;5;4;5;4;3;4;5;3;5;5;5;4;4;2;2;3;3;3;5;0
"31013";20;20;20;20;20;20;20;19;20;20;41;25;31;29;30;29;30;29;23;20;0
"31070";5;8;9;13;10;11;12;10;12;12;8;13;14;18;12;11;14;10;11;10;0
"31088";10;11;9;12;9;9;10;4;12;9;14;13;10;13;13;10;10;3;12;9;0
"31104";6;10;4;10;10;10;12;11;9;7;8;12;4;9;13;10;14;11;8;4;0
"31112";13;19;12;20;0;6;16;20;4;19;19;25;14;24;0;3;20;0;2;20;0
"31179";5;11;9;10;15;11;11;11;12;8;8;13;10;10;20;14;12;12;10;8;0
"31229";10;15;8;8;6;8;8;7;5;5;14;16;11;6;2;5;3;1;1;0;0
"31237";15;15;17;20;20;20;20;20;20;0;25;20;24;30;29;30;30;30;23;0;0
"31278";4;1;0;0;10;0;0;0;0;0;5;1;0;0;19;0;0;0;0;0;0
"31310";15;20;5;10;5;5;0;9;9;5;25;19;8;11;1;2;0;0;16;4;0
"31377";10;8;9;10;8;8;12;8;10;13;14;13;13;12;8;8;13;6;10;12;0
"31401";4;10;15;6;7;5;4;15;10;11;5;11;19;3;3;3;1;8;10;9;0
"31526";10;15;15;1;1;20;14;13;0;15;14;16;17;0;1;27;18;9;0;11;0
"31534";10;10;8;11;8;12;7;10;10;10;14;10;10;11;9;12;5;13;9;9;0
"31542";12;12;12;11;7;13;14;15;14;13;19;16;14;12;10;17;23;22;19;8;0
"31559";14;13;18;10;13;6;13;4;2;8;16;17;23;11;13;7;12;2;2;5;0
"31674";13;15;14;15;15;16;16;16;17;17;19;19;19;21;22;23;22;23;24;6;0
"31724";4;5;2;3;4;1;0;1;0;5;5;5;3;2;2;0;0;0;0;4;0
"31765";0;10;10;15;10;20;8;2;1;5;0;23;21;20;13;33;7;2;1;4;0
"31856";7;9;8;8;12;11;13;15;16;19;8;9;10;7;14;13;15;19;22;13;0
"31880";2;1;0;0;1;1;0;0;0;0;2;0;0;0;2;0;0;0;0;0;0
"31906";15;20;15;9;15;0;15;20;15;12;25;19;18;10;15;0;18;0;26;15;0
"31922";5;10;9;2;8;2;15;4;10;1;8;12;11;2;6;1;13;3;7;0;0
"31971";15;5;4;0;5;15;5;10;9;12;25;4;3;0;10;7;6;11;7;11;0
"31997";12;14;15;13;16;9;17;8;13;14;19;19;22;21;24;11;22;10;18;9;0
"32003";10;15;3;5;5;8;9;19;20;2;14;16;4;4;3;6;4;23;17;0;0
"32052";11;15;8;10;20;5;14;18;10;15;16;19;10;9;28;3;15;21;6;18;0
"32078";20;20;10;15;0;5;15;10;0;16;41;25;13;13;0;2;18;0;0;12;0
"32110";3;4;1;4;2;0;5;6;1;0;3;1;0;3;1;0;6;0;2;0;0
"32128";5;8;10;11;12;10;10;5;6;1;8;13;15;14;15;11;10;4;3;0;0
"32151";5;7;9;5;6;5;3;4;10;3;8;10;13;4;4;4;1;3;2;2;0
"32177";20;20;20;20;20;20;20;20;20;0;41;25;31;29;30;29;30;30;15;0;0
"32193";1;2;4;6;6;4;1;1;1;3;1;2;5;5;4;3;1;1;1;3;0
"32250";20;10;15;8;20;5;8;13;20;15;41;16;20;7;29;5;10;13;24;4;0
"32359";5;10;8;10;7;8;6;8;9;8;8;12;10;10;8;8;2;7;8;7;0
"32367";5;7;6;4;7;4;5;6;1;3;8;10;8;3;3;1;1;1;1;2;0
"32391";11;12;11;12;11;11;12;11;13;11;16;15;12;13;13;12;14;11;11;9;0
"32417";3;4;3;1;5;2;6;4;4;3;3;1;0;1;3;2;5;2;2;2;0
"32458";9;10;8;7;12;10;11;9;5;9;12;12;9;7;15;10;13;8;5;6;0
"32524";20;20;20;20;20;20;20;20;20;20;41;25;31;29;30;29;30;30;15;24;0
"32581";5;6;7;10;12;15;4;0;10;12;8;10;11;14;15;15;2;0;17;9;0
"32664";10;13;15;19;12;14;12;14;9;14;14;18;24;20;14;15;17;16;9;12;0
"32672";6;6;5;11;1;4;5;4;11;5;8;5;5;12;0;2;3;1;5;3;0
"32862";20;10;15;5;1;3;10;5;20;10;41;16;20;6;0;1;5;1;15;9;0
"33035";5;10;9;11;9;15;7;4;0;5;8;12;11;12;13;12;3;2;0;4;0
"33050";12;8;18;20;5;12;10;11;5;15;19;8;28;29;0;14;11;12;4;17;0
"33092";5;5;6;6;6;1;0;4;0;6;8;9;9;7;5;0;0;0;0;5;0
"33100";3;5;2;11;8;4;5;2;8;1;3;4;1;11;5;3;1;1;2;0;0
"33134";6;5;10;7;4;6;9;3;10;2;8;4;10;5;1;3;5;0;0;1;0
"33183";10;12;8;13;5;9;12;11;6;8;14;15;8;10;6;12;11;11;5;5;0
"33217";10;15;9;13;8;12;15;20;19;19;14;16;13;12;10;15;21;24;29;24;0
"33316";10;12;12;12;9;12;11;11;10;9;14;15;14;13;12;12;12;12;9;5;0
"33407";10;15;14;10;6;1;3;15;3;5;14;16;16;9;3;0;5;11;1;2;0
"33431";5;6;10;2;6;4;4;8;9;1;8;10;15;2;5;3;3;6;7;1;0
"33449";5;10;14;18;4;14;16;20;8;18;8;12;20;23;7;19;23;28;11;25;0
"33464";20;5;6;5;0;2;0;4;2;4;41;4;2;2;0;1;0;0;3;3;0
"33522";10;10;8;9;12;14;12;8;10;9;14;10;10;8;14;14;11;8;9;8;0
"33530";11;13;15;15;18;19;19;19;19;10;16;17;22;24;27;29;28;28;21;8;0
"33639";4;8;6;8;8;7;8;1;2;0;5;10;6;7;5;5;4;1;1;0;0
"33753";5;6;7;8;7;8;5;1;10;5;8;10;11;10;6;10;1;0;3;2;0
"33803";12;16;12;8;10;12;12;16;18;20;19;21;17;9;12;13;14;20;26;29;0
"33829";15;8;3;5;2;4;10;6;2;1;25;6;2;3;4;3;8;4;1;1;0
"33845";10;5;15;20;5;10;5;5;10;3;14;7;22;29;4;8;1;1;1;1;0
"33894";18;18;15;15;16;15;16;17;17;18;25;23;20;21;23;21;23;24;25;13;0
"34025";10;14;16;18;20;20;20;20;20;20;14;20;22;25;30;31;30;30;30;25;0
"34033";15;7;19;3;20;1;15;7;2;9;25;3;25;2;21;1;16;6;2;6;0
"34041";12;12;9;6;2;1;1;1;1;2;19;16;12;7;2;1;1;1;1;2;0
"34132";12;14;9;13;15;12;6;16;15;9;19;19;12;14;20;15;7;21;15;9;0
"34199";12;14;8;9;7;12;11;12;5;13;19;19;9;8;6;12;11;13;5;15;0
"34207";5;5;6;5;5;5;5;6;5;4;8;9;9;6;5;5;1;4;3;2;0
"34272";18;20;20;16;17;16;10;20;18;18;25;31;28;23;26;23;9;28;21;25;0
"34280";10;15;10;10;8;10;10;7;2;0;14;16;13;9;10;11;9;5;2;0;0
"34314";12;16;10;6;18;14;12;15;20;16;19;21;13;6;25;16;14;19;30;5;0
"34421";8;9;12;12;10;11;11;11;7;12;13;13;19;14;11;11;12;11;8;14;0
"34470";20;20;10;12;10;5;15;15;2;6;41;25;13;11;14;4;14;17;1;5;0
"34520";2;3;3;0;1;2;3;4;10;1;2;1;0;0;2;1;4;3;6;0;0
"34538";7;10;8;10;6;10;8;8;7;2;8;10;9;8;2;4;4;5;2;1;0
"34629";5;8;10;12;11;5;3;1;14;6;8;13;15;17;15;5;1;1;9;3;0
"34686";10;15;17;14;15;9;12;15;12;8;14;16;23;18;16;12;12;18;11;5;0
"34736";11;13;13;11;8;6;1;12;6;11;16;17;18;11;11;6;0;9;5;10;0
"34744";5;8;10;12;20;18;20;18;19;15;8;13;15;17;30;26;32;27;14;5;0
"34843";7;11;7;14;6;15;14;12;17;19;8;9;7;16;5;17;20;15;24;13;0
"34884";10;9;16;10;20;9;6;5;20;2;14;11;23;8;29;9;7;2;12;0;0
"34918";5;8;5;10;5;4;0;7;0;15;8;13;5;10;4;2;0;0;0;11;0
"34983";14;15;14;16;18;15;15;15;16;15;16;17;17;22;25;21;21;21;22;5;0
"35097";10;10;10;11;0;10;15;12;10;1;14;10;10;7;0;4;18;0;8;0;0
"35212";12;13;12;13;13;12;12;11;12;0;19;17;16;17;15;15;13;12;10;0;0
"35311";15;17;13;18;16;15;15;16;16;20;25;18;17;24;20;20;21;22;22;10;0
"35337";14;13;18;13;15;10;10;15;1;0;16;17;23;17;16;13;11;17;0;0;0
"35352";11;13;13;15;18;15;14;16;14;12;16;17;18;24;27;21;20;23;19;7;0
"35428";10;10;10;10;10;10;10;10;10;10;14;10;10;7;13;12;10;11;9;10;0
"35451";5;8;5;5;5;9;6;6;5;9;8;13;5;5;6;11;3;5;5;7;0
"35477";5;6;4;5;4;5;4;3;4;4;8;10;7;6;3;3;2;2;2;3;0
"35485";8;8;6;7;5;3;15;5;8;2;13;12;8;5;3;1;10;1;3;1;0
"35501";6;10;4;4;1;2;5;3;6;0;8;12;4;3;1;1;7;1;3;0;0
"35535";5;8;11;2;15;10;6;4;6;20;8;13;19;2;22;12;7;4;3;17;0
"35584";10;12;12;14;15;14;14;16;10;16;14;15;14;24;21;20;20;23;11;19;0
"35675";14;2;8;2;12;1;12;0;10;6;16;1;5;1;12;0;7;0;17;5;0
"35808";15;15;20;20;20;20;20;20;20;10;25;20;30;24;27;26;26;26;22;5;0
"35907";11;12;13;9;10;12;16;9;8;8;16;15;16;7;12;15;23;12;9;4;0
"35915";4;5;8;10;13;12;15;13;17;15;5;5;11;15;15;15;20;18;24;5;0
"35949";8;9;12;10;15;18;5;20;11;3;13;13;19;11;20;24;3;27;6;3;0
"35980";7;10;8;9;6;1;10;5;0;5;8;10;9;7;2;1;5;1;0;4;0
"36475";5;5;9;9;5;5;5;5;5;5;8;9;14;12;4;3;1;2;2;2;0
"36962";5;10;10;4;8;1;0;10;0;0;8;12;11;3;6;0;0;0;0;0;0
"37002";15;15;15;10;10;12;15;16;15;10;25;20;18;10;11;15;21;20;19;10;0
"37028";11;14;16;19;15;18;18;19;18;13;16;20;22;27;19;27;26;28;20;7;0
"37051";10;5;11;12;10;9;11;12;0;8;14;7;15;15;11;8;13;11;0;6;0
"37275";20;20;0;20;20;20;0;0;0;0;41;25;0;27;39;9;0;0;0;0;0
"37283";8;11;9;5;9;6;11;10;3;5;13;15;9;7;6;5;10;7;3;4;0
"37291";0;1;10;1;0;12;0;9;4;4;0;2;21;1;0;5;0;0;7;3;0
"37374";5;9;11;15;12;10;7;3;6;16;8;11;15;21;14;10;6;2;3;17;0
"37408";5;10;12;10;15;15;15;18;20;0;8;12;16;8;20;14;18;26;31;0;0
"37606";12;13;12;14;13;14;13;13;14;13;19;17;16;23;19;21;16;19;17;11;0
"37697";10;15;15;10;5;5;18;16;16;4;14;16;17;12;5;3;23;23;20;3;0
"37846";8;8;10;12;10;12;10;10;12;10;13;12;16;17;13;14;11;11;10;9;0
"37903";12;14;16;15;16;17;18;18;18;19;19;19;20;24;23;25;26;26;26;21;0
"37945";20;20;15;20;5;20;0;15;5;20;41;25;23;27;4;18;0;0;9;15;0
"38000";10;10;10;10;14;15;7;6;6;3;14;10;10;7;15;19;6;8;3;1;0
"38059";5;7;9;10;3;9;7;5;5;0;8;10;13;13;2;8;2;4;2;0;0
"38133";10;12;15;10;14;8;20;12;10;15;14;15;21;8;17;10;24;16;11;13;0
"38174";10;15;5;8;9;10;12;12;11;5;14;16;6;8;12;12;14;13;9;3;0
"38190";10;10;5;5;6;20;20;20;20;0;14;10;4;5;3;21;21;27;26;0;0
"38273";10;12;8;5;12;3;1;0;0;5;14;15;8;4;12;1;0;0;0;4;0
"38281";11;13;8;15;3;13;10;11;8;12;16;17;10;17;5;20;13;14;7;11;0
"38372";7;7;7;5;10;7;8;7;2;7;8;11;7;5;8;6;6;3;1;4;0
"38406";2;2;3;6;5;7;14;7;0;5;2;0;0;6;3;7;13;5;0;4;0
"38471";10;12;5;15;10;10;10;10;12;4;14;15;5;19;11;10;11;9;11;3;0
"38505";10;11;15;20;10;12;5;7;10;12;14;13;21;22;11;12;2;6;9;11;0
"38596";8;10;8;6;5;4;0;4;0;0;13;13;8;6;4;3;0;0;0;0;0
"38620";5;10;11;7;8;3;8;5;11;1;8;12;15;6;7;1;2;1;1;0;0
"38737";2;3;2;0;0;1;0;0;0;0;2;1;0;0;0;0;0;0;0;0;0
"38794";20;20;20;20;20;20;20;20;20;20;41;25;31;29;30;29;30;30;15;24;0
"38836";5;7;7;7;7;7;7;0;7;10;8;10;10;7;6;6;3;0;12;8;0
"38851";5;10;10;14;5;10;20;16;9;14;8;12;11;14;7;16;27;20;14;14;0
"38885";5;7;8;8;9;10;7;8;9;9;8;10;11;9;8;9;5;6;8;8;0
"38919";4;5;10;13;15;20;7;20;10;20;5;5;13;13;16;25;7;27;9;18;0
"38943";5;8;12;12;10;8;6;10;2;8;8;13;20;15;11;6;5;9;2;5;0
"38992";10;12;12;14;14;15;18;20;18;18;14;15;14;24;19;22;27;29;26;27;0
"39149";15;15;18;10;12;15;5;10;8;18;25;20;25;13;11;15;3;12;7;18;0
"39164";10;8;12;8;6;4;12;12;6;12;14;13;19;10;6;3;14;12;7;11;0
"39263";10;12;12;12;10;12;11;13;8;5;14;15;14;13;11;14;11;15;9;3;0
"39271";20;20;20;20;20;20;20;20;20;20;41;25;31;29;30;29;30;30;15;24;0
"39313";13;14;19;10;14;8;13;16;12;10;19;18;27;13;13;8;15;20;11;10;0
"39511";8;12;10;12;9;12;9;10;10;9;13;15;10;12;13;12;8;10;9;8;0
"39545";5;6;7;7;7;7;8;7;7;7;8;10;11;9;6;9;4;5;4;4;0
"39644";10;12;11;11;10;11;10;13;4;10;14;15;12;12;15;15;10;14;4;7;0
"39701";10;8;11;5;20;12;15;20;7;13;14;13;16;6;29;14;19;26;9;15;0
"39719";10;12;8;15;10;10;15;13;17;20;14;15;8;16;15;10;17;16;24;20;0
"39750";15;20;15;10;10;15;12;11;12;15;25;19;18;11;12;15;15;12;10;14;0
"39784";20;20;10;20;20;20;20;20;20;10;41;25;13;23;31;28;29;29;22;5;0
"39818";5;10;7;15;2;20;10;9;1;3;8;12;9;16;3;26;11;5;1;3;0
"39826";8;14;15;12;14;10;8;8;12;4;13;19;23;16;13;10;7;6;9;2;0
"39867";5;10;15;20;5;7;6;4;3;10;8;12;22;23;8;7;5;3;3;11;0
"39875";10;9;6;10;11;10;4;9;11;10;14;11;5;10;16;9;2;9;11;9;0
"39883";10;12;12;13;10;8;5;9;11;10;14;15;14;16;14;7;3;9;10;9;0
"39891";5;10;0;10;8;10;8;8;7;7;8;12;0;13;15;4;8;6;5;4;0
"39958";4;2;5;2;2;3;3;7;3;3;5;2;5;2;1;2;3;5;3;2;0
"39982";20;20;15;15;15;17;18;16;16;14;41;25;23;21;22;25;26;23;24;9;0
"40071";10;20;20;20;20;20;15;16;20;10;14;39;31;30;30;29;25;23;25;8;0
"40097";20;20;20;20;20;20;20;20;20;10;41;25;31;29;30;29;30;30;15;5;0
"40113";10;12;13;12;10;9;12;11;15;5;14;15;16;9;11;7;12;10;14;7;0
"40246";5;6;7;7;6;7;12;8;8;8;8;10;11;9;5;9;9;6;5;6;0
"40287";12;14;8;15;8;13;12;13;14;8;19;19;9;15;12;12;14;14;13;8;0
"40303";14;12;15;18;10;5;8;12;15;12;16;17;20;19;11;6;5;13;10;7;0
"40311";10;5;12;4;5;6;15;10;12;5;14;7;15;4;4;4;18;10;12;4;0
"40378";5;8;10;8;5;10;9;9;10;9;8;13;15;10;4;13;9;9;9;8;0
"40402";15;19;5;16;11;20;1;5;13;9;25;21;8;13;12;26;0;2;10;2;0
"40410";18;17;15;19;20;20;20;20;20;17;25;22;20;28;30;30;30;30;23;16;0
"40501";5;8;10;4;6;6;4;2;3;5;8;13;15;5;5;4;1;1;2;4;0
"40527";10;15;5;15;10;9;12;20;8;19;14;16;6;11;12;9;12;23;5;15;0
"40543";7;10;15;10;4;2;10;10;0;1;8;10;19;8;3;0;5;4;0;1;0
"40550";5;10;8;15;2;9;5;9;0;20;8;12;10;16;3;11;3;9;0;15;0
"40568";10;10;6;10;10;10;9;8;10;5;14;10;6;12;14;8;8;4;7;1;0
"40659";20;20;20;20;20;20;20;20;20;20;41;25;31;29;30;29;30;30;15;24;0
"40717";6;8;9;12;3;1;0;0;0;5;8;15;14;17;2;0;0;0;0;4;0
"40758";5;6;7;8;5;8;7;6;5;6;8;10;11;10;4;10;3;2;1;3;0
"40857";15;18;5;8;10;4;20;0;7;15;25;16;9;12;14;4;23;0;12;11;0
"40949";15;20;15;14;6;15;12;13;12;0;25;19;18;15;6;14;14;14;10;0;0
"40972";13;13;15;15;19;18;19;17;16;10;19;16;21;24;29;26;28;24;23;10;0
"40980";5;7;8;4;10;5;8;4;6;3;8;10;11;4;6;3;4;1;1;1;0
"41012";11;12;1;3;6;5;3;4;9;1;16;15;1;2;8;5;2;3;8;1;0
"41046";20;20;20;20;1;0;10;20;0;20;41;25;31;29;0;0;12;0;0;15;0
"41053";12;13;12;13;14;12;12;12;11;12;19;17;16;17;18;15;14;13;9;10;0
"41061";11;15;12;14;12;14;12;14;12;20;16;19;16;17;14;17;17;16;12;23;0
"41095";20;20;16;18;20;20;20;20;20;20;41;25;24;28;31;31;30;29;30;25;0
"41103";20;20;20;20;20;20;20;20;20;0;41;25;31;29;30;29;30;30;15;0;0
"41160";13;3;5;2;4;2;3;1;2;0;19;2;3;1;4;2;2;1;0;0;0
"41178";6;8;4;10;6;2;4;6;3;7;8;15;4;9;3;0;6;3;2;4;0
"41202";15;19;16;15;14;20;6;20;16;17;25;21;19;21;15;26;3;27;12;17;0
"41210";5;10;11;10;12;10;15;12;15;15;8;12;15;10;11;11;18;15;21;10;0
"41228";5;8;15;20;20;15;18;20;10;12;8;13;27;33;29;23;26;29;14;9;0
"41236";3;5;4;7;5;9;8;11;6;15;3;4;2;3;5;9;2;12;5;15;0
"41277";7;10;15;20;15;15;17;14;14;15;8;10;19;22;19;18;22;18;18;9;0
"41376";2;3;3;5;3;4;2;6;6;4;2;1;0;7;2;4;2;3;6;2;0
"41442";7;10;15;5;13;10;15;20;7;9;8;10;19;2;13;7;15;24;3;4;0
"41517";13;14;12;13;12;11;15;13;16;18;19;18;16;14;13;11;18;17;22;6;0
"41731";15;20;15;15;15;15;15;15;20;20;25;19;18;20;14;21;20;20;31;29;0
"41798";5;12;14;3;12;10;1;7;7;0;8;15;18;1;12;5;0;5;1;0;0
"41806";10;11;10;12;11;12;11;13;10;11;14;13;11;13;16;14;11;14;9;10;0
"41814";7;5;5;3;5;8;7;10;10;8;8;4;2;2;6;9;1;11;9;7;0
"41822";5;8;13;20;15;10;6;13;10;5;8;13;25;34;20;12;6;14;9;3;0
"41830";8;14;10;15;14;8;5;8;4;6;13;19;16;18;17;8;3;8;4;4;0
"41855";10;12;11;13;14;10;13;12;9;12;14;15;12;16;17;13;14;13;8;11;0
"41897";12;13;9;12;6;9;9;2;5;10;19;17;12;12;7;11;4;1;2;7;0
"41921";10;15;13;15;15;16;18;18;20;20;14;16;17;17;18;23;24;26;23;28;0
"41988";19;20;20;20;20;20;20;20;20;11;26;30;30;30;30;29;30;30;15;6;0
"41996";7;8;11;9;12;13;9;12;5;13;8;11;16;9;15;12;8;12;5;15;0
"42002";5;7;10;9;12;14;10;9;10;5;8;10;14;11;17;17;10;9;9;2;0
"42051";14;15;4;6;10;4;6;10;4;6;16;17;3;6;11;4;2;8;3;4;0
"42069";7;10;5;4;8;7;5;7;3;6;8;10;3;3;7;8;1;4;2;3;0
"42085";5;5;6;6;7;4;5;0;5;5;8;9;9;7;5;2;2;0;9;4;0
"42135";5;6;4;8;5;9;10;3;7;5;8;10;7;9;4;11;9;1;4;2;0
"42150";5;10;6;2;5;0;1;0;0;0;8;12;7;1;3;0;1;0;0;0;0
"42259";15;5;11;15;5;15;10;7;7;7;25;4;9;13;6;14;9;8;6;4;0
"42317";20;10;6;10;15;20;18;20;19;20;41;16;5;12;20;28;25;28;21;20;0
"42341";10;8;12;5;10;15;10;0;20;10;14;13;19;6;14;15;8;0;35;8;0
"42366";3;4;6;1;10;0;2;2;1;3;3;1;2;1;6;0;2;0;2;3;0
"42374";20;20;20;20;20;20;20;20;15;10;41;25;31;29;30;29;30;30;21;6;0
"42382";7;9;10;11;12;7;8;8;7;7;8;9;13;12;12;6;6;5;6;3;0
"42390";12;14;13;16;15;18;18;16;16;10;19;19;19;26;22;27;26;23;24;12;0
"42408";15;20;15;15;15;15;15;15;15;15;25;19;18;20;14;21;20;20;20;5;0
"42416";15;13;18;18;20;15;20;19;20;20;25;17;26;27;30;23;29;28;30;19;0
"42440";15;18;12;10;12;10;14;8;14;14;25;16;16;10;12;11;16;8;18;9;0
"42499";15;20;15;15;15;20;20;20;20;20;25;19;18;20;14;26;29;29;28;18;0
"42507";10;15;12;12;13;5;10;12;12;0;14;16;16;13;14;5;7;13;10;0;0
"42564";5;7;7;8;6;5;1;2;1;2;8;10;10;9;6;3;2;1;1;1;0
"42689";10;12;15;20;15;15;14;14;15;15;14;15;21;22;19;19;19;19;20;9;0
"42705";10;12;11;15;16;16;19;10;12;14;14;15;12;22;22;23;27;15;15;9;0
"42747";6;12;3;6;14;16;14;14;14;14;8;12;2;4;19;20;19;21;19;9;0
"42762";10;15;20;20;17;10;10;10;10;7;14;16;30;30;26;11;13;10;9;4;0
"42929";5;7;4;11;8;13;15;15;18;20;8;10;5;15;9;16;21;20;26;29;0
"42978";5;5;10;10;15;10;1;5;0;10;8;9;15;14;22;11;1;4;0;8;0
"42986";3;4;2;10;0;1;0;6;0;0;3;1;0;8;0;0;0;0;0;0;0
"42994";10;8;13;7;12;8;6;1;19;6;14;13;19;8;18;10;4;0;13;3;0
"43042";5;5;6;10;7;7;7;2;2;1;8;9;9;14;6;7;4;1;0;0;0
"43109";12;13;12;19;13;12;14;11;15;14;19;17;16;20;16;12;17;12;17;9;0
"43224";5;5;1;2;2;3;5;0;1;3;8;9;2;3;1;1;1;0;2;2;0
"43232";10;20;20;20;20;20;20;20;20;10;14;39;31;30;30;29;30;30;15;5;0
"43240";10;16;19;20;19;20;20;19;20;20;14;24;33;24;26;31;29;29;30;23;0
"43257";20;20;5;10;12;10;5;0;8;5;41;25;9;16;16;12;3;0;14;4;0
"43281";15;15;15;20;20;20;20;20;20;20;25;20;18;28;29;29;29;30;22;18;0
"43422";14;15;20;12;12;17;2;20;11;11;16;17;26;15;11;18;1;20;14;11;0
"43513";4;5;10;13;15;5;7;3;0;2;5;5;13;13;16;4;4;2;0;2;0
"43539";20;20;20;20;20;20;20;20;20;20;41;25;31;29;30;29;30;30;15;24;0
"43570";12;15;15;14;14;16;16;17;19;20;19;19;19;22;15;24;23;24;29;30;0
"43661";5;7;5;8;9;9;10;10;9;10;8;10;6;7;10;9;10;10;8;10;0
"43687";5;15;5;19;15;18;15;20;1;19;8;16;5;21;19;25;18;22;0;20;0
"43695";20;20;16;20;20;20;20;20;20;20;41;25;24;31;30;29;30;30;15;24;0
"43760";10;8;15;15;16;20;20;14;10;12;14;13;22;22;24;27;28;18;16;10;0
"43810";1;2;3;4;5;6;7;8;9;10;1;2;3;3;6;6;1;6;6;9;0
"43828";20;20;20;20;20;20;20;20;20;20;41;25;31;29;30;29;30;30;15;24;0
"43844";10;15;15;16;20;20;20;20;10;20;14;16;17;16;28;29;28;29;14;23;0
"43901";2;1;3;1;4;3;3;4;3;4;2;0;0;1;2;3;2;3;3;4;0
"43943";5;10;20;4;12;5;3;8;6;7;8;12;24;3;8;1;1;3;2;4;0
"44149";13;15;17;19;20;20;20;20;20;18;19;19;23;28;30;30;30;30;23;17;0
"44180";15;12;14;8;12;12;12;8;11;15;25;12;18;8;16;14;13;8;11;14;0
"44255";10;15;10;16;18;17;19;17;18;0;14;16;13;17;22;24;27;24;25;0;0
"44420";19;19;20;20;20;20;20;20;20;0;26;29;29;30;30;29;30;30;15;0;0
"44487";12;10;15;15;20;20;20;20;20;15;19;13;24;24;30;30;30;30;23;14;0
"44503";20;20;20;20;20;20;19;19;19;10;41;25;31;29;30;29;29;28;21;8;0
"44545";10;15;15;20;20;20;20;20;20;5;14;16;17;28;29;29;29;30;22;4;0
"44560";10;2;7;8;15;6;7;15;12;10;14;3;6;9;20;4;5;19;10;7;0
"44602";15;15;20;20;8;10;5;10;2;0;25;20;30;24;5;9;2;8;1;0;0
"44610";12;14;12;13;8;14;15;13;16;0;19;19;16;17;9;17;21;18;22;0;0
"44644";10;8;8;10;4;8;5;5;5;6;14;13;11;12;3;8;2;2;3;3;0
"44719";20;20;20;20;20;20;20;20;20;0;41;25;31;29;30;29;30;30;15;0;0
"44776";8;7;10;15;12;12;12;12;8;10;13;11;14;23;16;15;14;13;9;7;0
"44792";20;20;20;20;20;20;20;20;20;20;41;25;31;29;30;29;30;30;15;24;0
"44818";4;2;12;10;14;5;8;1;1;2;5;2;16;12;16;5;5;0;0;0;0
"44826";10;7;10;15;20;20;20;20;20;10;14;10;15;23;30;30;30;30;23;5;0
"45021";10;15;5;20;20;20;20;20;20;20;14;16;6;26;33;29;30;29;22;18;0
"45146";20;15;18;20;20;16;20;20;20;20;41;25;30;32;30;25;32;30;30;25;0
"45468";20;20;20;20;20;15;20;20;20;1;41;25;31;29;30;22;29;29;22;1;0
"45476";12;15;8;13;18;14;10;20;8;12;19;19;9;12;24;19;12;21;8;13;0
"45500";13;16;15;6;4;4;12;2;5;5;19;22;17;2;1;2;10;0;0;0;0
"45526";2;7;10;4;0;0;2;6;0;0;2;9;16;6;0;0;2;0;0;0;0
"45534";8;9;7;11;8;6;14;18;17;17;13;13;9;12;6;2;16;26;25;6;0
"45591";12;14;15;16;12;15;20;19;20;14;19;19;22;26;18;25;28;28;26;13;0
"45609";20;20;15;15;15;10;20;15;20;0;41;25;23;21;22;13;25;20;22;0;0
"45617";7;12;1;10;10;8;8;0;10;11;8;10;1;10;13;7;6;0;17;8;0
"45641";12;13;14;15;16;15;17;19;20;19;19;17;20;25;24;22;24;27;23;17;0
"45682";6;9;10;5;10;1;5;7;8;5;8;11;15;4;10;0;2;4;2;2;0
"45690";7;8;8;11;10;10;8;7;10;5;8;11;11;13;10;8;7;5;8;2;0
"45708";20;15;16;17;18;19;20;20;20;20;41;25;29;28;28;29;30;29;30;25;0
"45773";10;11;4;2;5;10;0;3;0;0;14;13;3;0;7;9;0;0;0;0;0
"45997";11;9;12;8;13;8;17;4;5;14;16;9;12;8;18;8;21;4;6;17;0
"46193";13;11;17;13;13;2;6;13;2;0;19;14;25;13;13;3;3;10;0;0;0
"46243";8;5;13;12;2;6;13;10;6;4;13;8;20;15;2;6;15;10;8;3;0
"46284";12;15;15;12;12;5;15;2;10;10;19;19;19;15;10;3;14;2;10;9;0
"46318";10;11;9;9;15;15;10;7;10;10;14;13;10;8;20;19;12;6;10;8;0
"46326";10;12;9;13;7;10;11;0;4;13;14;15;12;10;10;13;12;0;7;10;0
"46334";8;12;13;13;15;16;15;15;16;4;13;15;17;20;21;23;22;21;22;3;0
"46359";10;10;5;20;12;13;7;15;18;0;14;10;4;18;15;14;4;19;15;0;0
"46375";8;6;10;8;6;12;14;10;8;12;13;9;15;9;6;16;22;14;8;8;0
"46425";10;11;9;12;5;6;10;15;6;5;14;13;10;13;6;5;10;18;5;3;0
"46466";10;15;18;19;19;19;7;15;19;20;14;16;26;28;27;26;8;15;19;24;0
"46599";11;8;10;12;9;10;12;10;12;11;16;8;12;10;13;11;14;10;11;10;0
"46730";5;7;8;8;7;6;5;6;3;5;8;10;11;9;7;5;1;3;3;4;0
"46839";2;14;19;3;1;20;0;5;1;4;2;11;15;1;0;6;0;0;2;3;0
"46888";3;4;0;1;2;5;1;2;3;0;3;1;0;1;4;2;2;2;1;0;0
"46912";3;4;2;3;5;6;5;1;3;4;3;1;0;3;3;6;1;1;0;2;0
"46920";2;5;2;9;10;1;10;7;8;10;2;1;0;7;9;0;5;1;3;4;0
"46946";20;20;20;20;20;15;20;20;20;20;41;25;31;29;30;22;29;29;22;18;0
"47118";10;10;10;10;5;10;10;10;10;10;14;10;10;7;2;4;4;7;3;6;0
"47142";20;20;20;20;20;20;20;20;20;0;41;25;31;29;30;29;30;30;15;0;0
"47159";6;8;10;11;10;10;11;8;11;12;8;15;15;13;12;10;13;7;11;10;0
"47191";20;20;15;15;20;18;20;20;20;15;41;25;23;21;30;26;31;30;15;12;0
"47225";10;13;15;17;16;20;16;8;15;12;14;18;24;28;23;30;22;3;14;14;0
"47233";12;12;13;15;8;8;15;13;11;7;19;16;19;25;9;7;21;16;12;5;0
"47258";15;18;15;15;15;14;20;16;19;15;25;16;18;18;14;19;26;19;21;10;0
"47357";5;15;1;10;8;6;4;15;20;0;8;16;1;10;9;6;1;12;19;0;0
"47365";10;13;11;12;9;11;10;9;11;7;14;18;13;14;13;13;11;10;10;4;0
"47506";6;10;8;12;5;2;10;5;1;5;8;12;9;8;1;1;6;0;0;0;0
"47563";6;7;8;9;9;8;9;8;4;7;8;8;9;10;9;7;7;6;4;5;0
"47571";4;5;3;8;5;3;2;3;4;3;5;5;4;6;3;1;3;2;2;2;0
"47589";13;14;14;14;15;13;14;12;11;10;19;18;19;23;22;19;20;17;12;7;0
"47613";5;8;10;10;3;5;1;10;4;5;8;13;15;12;2;2;2;6;2;2;0
"47720";3;5;2;1;6;4;3;2;5;11;3;4;1;1;8;4;1;2;1;5;0
"47738";11;9;8;11;7;9;8;12;9;9;16;9;10;12;9;11;5;13;8;8;0
"47761";20;16;20;8;20;1;0;10;0;20;41;23;27;6;23;0;0;0;0;15;0
"47829";2;4;1;0;2;3;4;5;3;6;2;1;0;0;4;1;5;3;2;4;0
"47837";5;8;10;5;9;8;12;6;9;5;8;13;15;6;9;10;12;4;8;3;0
"47860";15;20;15;11;15;4;15;0;13;14;25;19;18;12;15;3;12;0;22;11;0
"47878";10;12;14;6;15;16;14;10;11;9;14;15;20;2;21;20;15;11;11;9;0
"47910";10;11;20;14;10;20;20;20;20;18;14;13;27;19;5;24;28;30;29;20;0
"47928";5;8;14;18;15;10;16;5;16;4;8;13;26;30;24;15;22;5;22;2;0
"48132";3;10;5;15;13;20;1;6;13;19;3;9;5;17;19;26;0;2;10;25;0
"48199";10;11;8;11;9;8;10;11;9;6;14;13;10;10;11;9;10;10;9;4;0
"48231";5;4;3;2;7;1;0;3;0;5;8;6;5;2;7;0;0;0;0;4;0
"48298";17;19;15;16;20;5;18;13;8;17;26;21;20;24;30;0;12;16;5;20;0
"48306";10;20;20;16;20;20;5;10;20;0;14;39;31;24;30;30;2;11;15;0;0
"48348";10;6;7;9;10;10;11;10;8;5;14;12;8;10;11;10;11;9;7;2;0
"48363";5;5;10;10;13;10;13;5;1;10;8;9;15;14;17;12;15;4;1;9;0
"48371";10;20;20;20;20;20;20;20;20;0;14;39;31;30;30;29;30;30;15;0;0
"48397";5;10;8;5;10;12;15;18;15;10;8;12;10;4;7;14;21;23;19;12;0
"48413";5;7;8;10;9;6;4;3;0;5;8;10;11;13;8;4;1;1;0;4;0
"48421";5;6;5;3;5;10;1;5;5;0;8;10;7;3;5;12;0;2;5;0;0
"48439";10;7;5;1;5;12;14;18;3;1;14;10;2;1;8;16;21;24;1;0;0
"48447";10;2;15;0;8;0;5;12;0;10;14;3;22;0;15;0;6;0;0;8;0
"48454";10;10;10;10;9;10;10;10;10;9;14;10;10;7;11;11;10;9;9;9;0
"48462";12;14;19;13;10;0;8;12;1;9;19;19;25;17;10;0;10;0;2;7;0
"48470";3;5;20;20;1;16;20;10;11;10;3;4;19;29;0;16;25;13;12;8;0
"48504";12;13;13;14;15;15;16;16;17;16;19;17;18;23;22;23;24;24;25;6;0
"48512";5;6;6;7;6;6;8;5;5;1;8;10;9;9;5;4;5;1;1;0;0
"48520";3;4;4;1;5;4;3;1;2;1;3;1;0;1;3;3;1;1;1;0;0
"59089";5;10;8;9;7;13;15;17;3;5;8;12;10;10;9;18;23;24;1;0;0
"59113";12;6;13;5;2;11;2;6;6;1;19;5;13;4;1;6;0;2;0;0;0
"59121";14;9;0;12;8;13;0;4;3;1;16;11;0;16;15;6;0;0;5;1;0
"59139";20;20;20;20;20;20;20;20;20;20;41;25;31;29;30;29;30;30;15;24;0
"59147";11;9;12;8;7;12;5;12;6;12;16;9;12;8;6;11;3;13;3;11;0
"59188";11;12;9;11;8;11;7;12;9;6;16;15;11;11;10;12;6;13;8;4;0
"59220";15;0;10;3;1;5;4;10;0;2;25;0;21;4;2;6;4;13;0;2;0
"59238";11;10;12;11;8;12;13;11;11;6;16;10;12;8;11;15;18;14;10;4;0
"59246";10;12;15;20;5;12;15;16;14;15;14;15;21;22;8;13;22;22;19;9;0
"59253";5;14;19;20;18;17;14;16;15;18;8;17;29;23;25;23;19;22;20;9;0
"59261";20;15;20;20;15;5;13;5;14;0;41;25;33;32;17;4;12;6;17;0;0
"59287";12;5;15;15;20;12;16;0;15;18;19;4;18;21;28;15;20;0;26;14;0
"59295";11;8;8;10;13;17;19;10;11;1;16;8;10;12;16;17;25;15;13;1;0
"59303";10;5;13;10;5;5;5;10;15;10;14;7;17;11;6;3;5;10;14;9;0
"59311";10;10;10;10;9;12;15;10;12;11;14;10;10;7;11;17;22;14;15;10;0
"59329";5;7;10;5;3;8;4;3;4;6;8;10;14;4;2;8;2;1;3;5;0
"59337";10;14;15;16;17;14;15;10;14;15;14;20;24;27;25;20;22;11;19;10;0
"59386";4;3;6;5;4;4;7;2;3;4;5;3;6;3;1;2;1;1;2;3;0
"59402";12;8;14;11;8;15;10;13;15;5;19;8;19;9;8;15;9;15;10;8;0
"59477";10;10;13;5;15;17;14;7;10;5;14;10;16;3;21;21;17;3;12;1;0
"59485";4;6;8;10;4;6;4;3;2;0;5;6;8;7;1;3;3;1;1;0;0
"59642";8;10;12;14;12;5;5;2;1;0;13;13;19;21;16;5;3;2;0;0;0
