"ID";"NLL";"InvestorToM";"InvestorPlan";"InvestorGuilt";"InvestorAversion";"InvestorTemp";"InvestorIrrBelief";"InvestorIrritability";"IrrInd"
10009;7.69684516077712;0;4;0.4;1;1;3;0;0
10017;9.6761905780506;2;1;0;0.8;1;0;0;1
10025;8.99329794172693;4;2;0.4;1.6;1;1;0.25;1
10041;1.47151497930528;2;3;1;1.2;1;2;1;1
10059;11.1647803758692;2;2;1;1.4;0.333333333333333;3;1;1
10067;14.036623870426;4;3;1;1;0.25;1;1;1
10075;9.4591893093686;2;3;0.4;1;0.333333333333333;1;0;1
10083;0.011800714364343;4;4;1;0.4;1;1;1;1
10091;5.47252823264508;0;4;0.4;1.4;1;4;0;1
10116;7.53890275231748;4;2;1;1.6;0.5;0;0;1
10140;2.6995445839959;4;2;0.4;1.8;0.5;3;0.5;1
10158;5.98835362776357;4;1;1;1.8;0.5;4;0;1
10174;12.1055058891882;2;4;1;1.2;0.333333333333333;0;1;1
10182;1.23407689312665;4;1;1;0.8;1;1;0;1
10207;11.2384359380439;2;1;0.4;1.4;0.5;4;0;1
10215;11.8479760534033;4;1;0.4;1;1;2;0;0
10223;11.4984181150709;2;1;1;1;0.25;4;1;1
10265;12.5469017299678;2;1;0.4;1;0.25;4;0;1
10281;14.8382175182603;4;1;0.4;1.4;0.25;4;0.75;1
10299;10.0672333940474;4;3;1;1.8;0.333333333333333;2;0;0
10306;12.3540300569925;4;1;1;1.4;0.5;2;0;0
10314;9.30774837201364;2;3;1;1.8;0.5;4;0.5;1
10330;12.9152705660933;4;1;0.4;1.2;1;2;0;0
10356;4.39290159008246;4;1;1;1.8;0.5;4;1;1
10364;0.00128153209960105;2;4;1;0.4;1;1;0;1
10447;8.29968987122686;2;3;0.4;1.4;1;0;0;1
10520;5.42793063334838;4;3;1;0.6;0.25;2;1;1
10570;12.207813541072;4;1;1;1.6;0.25;4;1;1
10629;10.4959588984902;4;2;0.4;1.4;0.333333333333333;4;0;1
10679;12.9528240841625;4;4;1;1.6;0.25;3;0;1
10695;10.0247706038356;2;4;1;1.4;0.5;0;0;1
10702;12.0143714124475;4;2;1;1.6;0.333333333333333;4;0;1
10710;10.7155869278279;4;2;0.4;1.4;0.333333333333333;4;0;1
10728;0.786370591242193;4;3;1;0.8;1;4;0;1
10736;11.0647455062968;2;1;0.4;1.4;0.5;4;0;1
10744;10.9012331019477;2;4;1;1.6;0.333333333333333;3;0;1
10752;8.08466463171049;4;1;1;1.8;0.5;4;0;1
10778;0.917703514660097;2;1;0.4;0.8;1;3;0;1
10794;2.96547078523955;4;2;1;1.6;1;1;0;1
10801;8.62597330906735;0;1;0.4;1;1;0;0;0
10819;6.05229306075903;4;1;0.4;1.2;1;1;0;1
10827;6.7368518220227;2;4;0.4;1.8;1;2;0;1
10843;10.5765351157681;4;1;1;1.4;0.5;1;0;0
10869;9.76339339899831;2;1;0.4;1.2;0.5;3;0;1
10877;7.29132749674997;4;4;1;1.8;0.333333333333333;3;0;1
10893;10.7895933024227;0;4;0.4;1.2;1;3;0;0
10900;0.786370591242193;4;3;1;0.8;1;4;0;1
10918;11.5717183849041;0;1;1;1.8;0.25;2;0;1
10975;3.37148769618223;2;1;1;0.8;1;0;0;1
10983;3.90502300496885;4;2;0;0.8;1;0;0;1
11049;10.9119155835219;2;1;0.4;1;0.25;4;0;1
11064;5.17212665583476;4;2;1;1.8;0.5;0;0;1
11171;11.0404515215456;2;3;1;1.8;0.5;4;0;1
11239;11.1663611214608;4;2;1;1.6;0.5;4;0;1
11262;9.33054578918905;4;2;1;1.8;0.5;4;0;1
11296;7.5341159047548;2;3;1;1.2;0.5;0;0;1
11304;8.60752139825074;4;3;0;0.8;1;0;0;1
11312;11.4710578712229;2;1;0.4;1;0.25;4;0;0
11320;5.9507414660695;4;1;0.4;1.2;1;1;0;1
11338;6.46630591068303;0;4;0.4;1.2;1;3;0;1
11403;13.0248346513366;4;2;1;1.8;0.25;4;0.25;1
11429;6.23266387560412;0;2;0.4;1.4;1;3;0.25;1
11460;5.31764334547167;4;2;0;0.8;1;0;0;0
11486;9.81722034787737;2;2;0.4;1;0.333333333333333;3;0;1
11544;8.23320508164098;4;1;1;1.6;0.5;4;0.25;1
11551;9.67904385035878;4;1;1;1.8;0.333333333333333;4;0;1
11619;6.48029281000607;2;1;1;1.6;0.5;4;0;1
11627;3.12406013735377;2;1;1;1.4;1;0;0;1
11635;1.76918605716658;2;2;1;1.8;1;4;0;1
11718;4.46592337915553;0;1;0.4;1.4;1;0;0;0
11759;8.18756516196434;2;3;1;1.4;0.5;0;0.25;1
11767;9.66725079243718;2;1;1;1.4;0.5;3;0;1
11858;13.9307721383814;2;2;1;1.6;0.333333333333333;2;0.25;1
11874;9.56926240361504;4;1;1;1.6;0.5;3;0;0
11882;7.18748537033942;2;3;1;1.6;0.5;0;0;0
11932;6.61427254053139;0;1;1;1.6;0.5;0;0;0
11940;11.1065214808482;0;4;0.4;1.2;0.5;1;0;1
11965;8.0509921889413;4;1;1;1.8;0.5;3;0.25;1
11981;4.88043169636606;2;1;1;1.4;1;3;0;1
12005;11.5630664072512;2;1;0.4;1;0.25;4;0;0
12013;2.51915744780623;4;4;1;1.6;1;0;0;1
12070;7.36223585744431;4;1;1;1.8;0.5;4;0.5;1
12096;11.4286042453942;2;4;1;1.4;0.333333333333333;2;0;1
12161;12.9338147886169;4;3;1;1.6;0.25;1;1;1
12195;7.79470984945614;4;1;1;1.8;0.5;4;0;0
12203;5.61951148983781;2;3;1;1.8;0.5;4;0;1
12211;5.19303324771034;0;1;1;1.2;1;0;0;1
12260;6.6133382927094;2;3;1;1.6;0.5;0;0;1
12302;11.8107069876842;2;4;1;1.6;0.333333333333333;2;0;1
12310;9.39635163744158;2;4;1;1.6;0.5;2;0;1
12385;10.866716573854;4;3;1;1.8;0.333333333333333;4;0;1
12393;10.7736586249714;2;1;1;1.6;0.333333333333333;4;0;1
12401;11.3586208371342;4;3;1;1.8;0.333333333333333;4;0;1
12435;6.63046041122684;2;4;1;1.8;0.333333333333333;2;1;1
12500;4.47455157773866;0;1;0.4;1.4;1;3;0;0
12526;12.7313365890065;4;4;0.4;1;0.5;0;0;0
12534;14.1294480704526;2;4;1;1.8;0.25;4;0;1
12542;11.001416696433;2;1;1;1.2;0.5;0;0;1
12567;11.3748524509483;2;2;1;1.8;0.5;4;0;1
12591;11.0685687463247;2;3;0.4;1.2;0.5;0;0;0
12658;7.46773101001594;2;1;1;1.4;0.5;1;0;1
12682;8.31223928465681;2;4;0.4;1.4;0.5;2;0;1
12690;7.19456630058443;2;1;0.4;1;0.5;2;0;1
12757;8.19517794734807;4;1;1;1.4;1;2;0.25;1
12773;6.46536988925436;2;2;0.4;1.6;1;1;0;0
12799;11.0538068016162;2;1;0.4;1;0.25;4;0;0
12831;5.86927923687837;2;1;1;1.8;0.5;4;0;1
12849;11.1547675364673;2;4;1;1.4;0.25;4;1;1
12948;8.04658211167704;4;4;1;1.8;0.5;3;0;1
13045;11.2562024561666;4;2;0.4;1.6;0.5;4;0;1
13078;7.97304808509168;4;2;0.4;1.4;1;0;0;0
13128;12.7873492944253;2;2;1;1.2;0.25;3;1;1
13144;10.3540000946342;4;3;0;1.4;0.25;4;1;1
13151;6.24045761091356;2;3;1;1.8;0.5;4;0;1
13169;10.7826855069176;0;4;0.4;1;1;3;0;0
13177;12.8819147933765;2;3;1;1.8;0.333333333333333;4;0;1
13243;2.96747012112843;2;1;1;1.8;1;2;0;1
13276;2.72618931738632;4;4;1;1.6;1;0;1;1
13284;8.68040676464588;4;4;1;1.6;0.5;0;0;1
13300;5.22934621005859;2;2;1;1.6;0.5;1;0;0
13441;3.65812067029181;4;3;1;1.8;0.5;2;0;1
13458;10.582517990505;2;1;0.4;1;0.333333333333333;4;0;1
13615;10.0972420573892;0;1;0.4;1.4;0.5;0;0;1
13698;12.3258025436185;4;4;0.4;1;1;0;0;0
13706;6.42431626223366;4;1;1;1.2;1;1;0.5;1
13979;8.38418603989092;4;4;0.4;1.6;1;1;0;1
13995;9.30058260160585;2;1;0.4;1;0.333333333333333;3;0;0
14001;13.8267224343707;4;1;0.4;1.2;0.25;4;0;1
14027;6.27502950363788;4;1;0.4;1.2;1;1;0;0
14092;5.12872502626614;2;1;0;1;1;3;0;0
14100;9.72433041198284;2;1;0.4;1;1;0;0;1
14118;12.3658792979697;4;2;0;1;0.25;4;0;0
14159;10.3278267946151;2;1;0.4;1.2;0.5;3;0;1
14175;7.89648115201231;4;3;0.4;1.6;1;1;0;1
14266;3.71827365110112;2;4;1;1.6;1;3;0;1
14282;13.6479057307841;4;4;0.4;1.6;0.5;2;0;1
14373;12.5938728026382;4;4;1;1;0.333333333333333;0;0;1
14399;12.7260856409222;4;2;0.4;1.2;0.5;0;0;0
14449;8.66486885833171;4;2;0.4;1.4;1;1;0;1
14464;11.2860721330098;4;1;1;1.8;0.5;4;0;1
14506;10.9483455455867;2;3;1;1.8;0.333333333333333;1;0;1
14522;5.70314327937135;4;1;1;1.4;1;1;0;1
14548;7.12867258528824;4;2;1;1.8;0.5;2;0;1
14563;8.92092325481927;2;3;1;1.6;0.5;4;0;1
14589;11.1673569435517;4;1;0.4;1.2;1;0;0;1
14597;4.09129667758913;4;1;1;1;0.5;4;0;1
14852;2.66580908815162;4;4;1;1.6;1;0;0;1
14878;4.22424898797511;4;4;1;1.8;1;1;0;1
15032;11.5915055860772;4;3;1;1.6;0.5;2;0;1
15057;5.26993797814758;2;3;1;1.6;0.5;3;0;1
15065;12.7178889958086;2;3;1;1.4;0.333333333333333;1;0;1
15099;9.71228387446623;2;1;0;0.8;1;0;0;1
15115;11.0871716754762;2;2;1;1.6;0.333333333333333;4;0;1
15198;10.6512889099498;2;1;0.4;1.2;0.5;3;0;0
15230;6.04770966159172;2;1;0.4;1.4;1;1;1;1
15263;0.786370591242193;4;3;1;0.8;1;4;0;1
15289;12.590621722658;2;2;0.4;1.6;0.5;4;0.25;1
15370;7.78486056093393;2;1;0.4;1.2;0.5;4;0;1
15396;10.3241328940024;2;4;0.4;1.4;0.5;0;0;1
15420;5.2852932113466;2;2;0.4;1.8;0.5;3;1;1
15438;5.53821910397345;2;4;1;1.4;0.5;0;0;1
15552;11.8133799293368;2;2;0.4;0.8;0.25;2;0;1
15560;11.3715204736637;4;3;0.4;1.6;0.5;2;0;0
15602;10.9297565254484;4;4;1;1.6;0.5;0;0;0
15636;12.7573310289766;2;3;0.4;1;0.333333333333333;0;1;1
15743;8.65541776079662;2;3;1;1.8;0.5;4;0;1
15842;0.011800714364343;4;4;1;0.4;1;1;1;1
15859;11.2107661913416;4;2;1;1.6;0.5;4;0;1
15875;5.36040773629093;4;3;1;1.4;1;1;0;1
15958;0.125317626666987;4;3;0;0.8;1;1;0;1
16121;7.93244078435063;2;1;1;1.8;0.5;4;0;1
16147;7.85713736813161;2;1;1;1.6;0.5;1;0;0
16220;12.0031380611525;2;3;0.4;1.2;0.5;0;0;1
16261;6.4489703392239;4;1;1;1.4;1;1;0;1
16261;7.12665687130519;2;4;1;1.6;0.5;1;0;1
16279;11.7954117699115;4;3;0.4;1.8;0.333333333333333;4;0;1
16345;2.79022897453487;2;2;0.4;1.6;1;2;1;1
16360;0.0860825766064646;0;4;1;1.8;1;3;0;1
16402;9.54493268235802;4;3;1;1.6;0.5;3;0;1
16436;8.23150234803493;2;3;1;1.8;0.5;4;0;1
16451;13.4785144547976;2;2;1;1.2;0.25;2;1;1
16519;9.88072734477842;4;4;1;1.6;0.333333333333333;2;0;1
16568;6.21538915060248;4;4;1;1.6;0.5;0;0;1
16584;6.3068215912322;2;2;0.4;1.6;1;1;0.25;1
16592;8.60467905130912;0;4;0.4;1;1;3;0;0
16600;8.92699898782604;4;3;1;1.8;0.5;4;0;1
16618;9.032896237897;2;3;1;1.8;0.5;4;0;1
16634;9.98784996470713;2;1;1;1.4;0.5;0;0;1
16642;9.83062095621859;2;3;0.4;1.4;0.5;3;0;0
16733;0.011800714364343;4;4;1;0.4;1;1;1;1
16790;6.85968874706493;2;1;0.4;1;1;3;0;1
16832;9.73433498169484;4;1;0.4;1.2;1;1;0.25;1
16907;4.39398104792114;4;1;1;1;0.5;4;0;1
16964;11.5015061665479;4;4;1;1.6;0.5;3;0.25;1
17004;9.66177232154866;2;1;1;1.8;0.333333333333333;4;0.5;1
17046;9.0759958708468;4;3;0;0.8;1;0;0;0
17095;2.5413759670752;2;2;0;0.6;1;0;0;1
17103;3.03407695241794;2;1;0.4;1;1;2;0;1
17285;6.87531766447021;4;1;0.4;1.2;1;3;0.5;1
17392;4.97780835371331;0;1;1;0.8;1;3;0;0
17491;11.6668351421314;4;1;0.4;0.8;1;0;0;0
17558;0.0860825766064646;0;4;1;1.8;1;3;0;1
17657;9.54821755469987;2;2;0.4;1;0.25;4;0;1
17715;0.011800714364343;4;4;1;0.4;1;1;1;1
17830;6.64332726375301;4;3;0.4;1.6;1;1;0;1
17947;10.1443591627456;2;3;0.4;1.2;0.5;0;0;1
17954;5.38659599319653;4;1;1;1.4;1;1;0;0
18010;4.54076987643425;2;3;0.4;1.6;1;1;0.5;1
18051;3.44489316967617;4;1;0.4;1;1;2;0;1
18077;7.24860382791407;4;3;0.4;1.6;1;3;0.25;1
18093;0.00128153209960105;2;4;1;0.4;1;1;0;1
18101;13.0775867693344;4;2;0.4;1.2;0.5;0;0;1
18127;0.917703514660097;2;1;0.4;0.8;1;3;0;1
18150;9.77053465754006;2;4;1;1.8;0.5;1;0.25;1
18168;14.4365607056541;4;2;0.4;1.4;0.333333333333333;0;0;0
18333;7.24583931861682;2;3;1;1.6;0.5;0;0;0
18416;3.5024718070922;2;4;1;1.6;1;3;0;0
18556;3.87839592102035;4;2;1;1.6;1;4;0;1
18598;11.2884798770797;4;3;0.4;1.2;0.333333333333333;4;0.25;1
18606;12.6047964179586;4;2;0.4;1;0.25;3;0;1
18754;10.1189056607776;2;2;0.4;1.4;1;1;0;1
18770;9.61096877603665;2;1;0.4;0.8;0.333333333333333;1;0;1
18804;6.34916453491584;2;4;1;1.6;0.5;3;0;1
18978;11.0168389150182;2;4;1;1.8;0.333333333333333;3;0.25;1
19000;12.339663357272;4;1;1;1.4;0.333333333333333;3;0;0
19026;0.00128153209960105;2;4;1;0.4;1;1;0;1
19042;7.43447588701067;4;1;1;1.2;1;1;0.5;1
19059;15.3558769705516;2;3;0.4;1.6;0.5;4;0;1
19075;5.04851348821206;4;2;0;0.8;1;0;0;0
19257;11.886849406401;4;4;1;1.8;0.25;4;0;1
19265;11.303250771263;2;1;0.4;1.4;0.5;4;0.25;1
19398;8.93550717680587;2;2;1;1.8;0.5;4;1;1
19422;0.00142933399558422;0;4;0;1.8;1;3;0;0
19455;11.2490296120856;2;1;0.4;1;0.25;4;0;0
19463;0.00128153209960105;2;4;1;0.4;1;1;0;1
19513;12.281124756329;2;1;1;1.6;0.25;4;0.5;1
19554;7.45514335446192;4;1;0.4;1.2;1;1;0;1
19612;0.854996279335721;4;3;1;0.8;1;3;0;1
19653;9.42401498941857;4;1;0.4;1.2;1;3;0.25;1
19745;11.8588451932851;2;2;0;0.8;0.333333333333333;1;0.75;1
19802;6.96032442855029;0;2;0.4;1.6;1;3;0;0
19935;7.82212656639089;2;4;1;1.6;0.5;0;0.25;1
20131;11.0968595734186;2;1;0.4;1.4;0.5;4;0;1
20321;6.44012146762215;0;1;0.4;0.6;1;0;0;0
20404;9.68580830099997;4;1;1;1.8;0.25;3;1;1
20487;10.898677099625;0;4;0.4;1;1;4;0;1
20495;10.9539471805715;4;1;0.4;1.2;0.5;4;0;1
20594;0.786370591242193;4;3;1;0.8;1;4;0;1
20677;13.141928951955;2;1;1;1.2;0.25;4;0.25;1
20735;7.63753638817736;2;4;1;1.6;0.5;3;0;1
20743;6.00116515672973;2;2;0.4;1.6;1;1;0.75;1
20784;7.68859336348088;2;4;1;1.6;0.5;2;0;1
20818;8.27985640889198;2;4;0.4;1.6;1;1;0.25;1
20826;5.22430492209166;4;4;1;1;0.333333333333333;2;0;0
20933;4.1976067894037;4;1;0.4;0.8;1;0;0;0
21006;3.8541059743798;4;1;1;1.6;1;1;0;1
21030;7.13562007451697;4;1;0.4;1.2;1;2;0.5;1
21063;8.98488854723387;2;3;1;1.8;0.5;4;0;1
21071;5.4110852830452;4;3;1;1.4;1;0;0;1
21089;8.15564466621478;0;1;0.4;1;1;1;0;0
21147;7.68106182628807;4;4;1;1.6;0.5;0;0;1
21238;12.006596664225;4;3;1;1.4;0.333333333333333;1;0;1
21287;4.90876045076989;4;1;0.4;1.4;1;3;0.75;1
21303;13.3236486289492;4;2;1;1.2;0.25;3;1;1
21352;7.68067239475419;2;1;0.4;1;0.333333333333333;3;0;1
21394;15.476500004029;0;4;0.4;1;0.25;4;1;1
21436;9.35169239171946;2;2;1;1.6;0.5;4;0;1
21600;6.1055943206137;4;1;0.4;1.4;1;2;1;1
21634;6.63609433769977;4;2;0.4;1.2;0.5;2;1;1
21659;14.3331204098594;4;4;1;1.8;0.25;3;0;1
21691;10.2248575379918;2;1;0.4;0.8;0.333333333333333;1;1;1
21717;3.79695495220367;2;4;1;1.6;1;2;0;1
21733;4.84614373003249;2;4;0.4;1.8;1;2;0;1
21741;0.011800714364343;4;4;1;0.4;1;1;1;1
21758;0.00128153209960105;2;4;1;0.4;1;1;0;1
21816;8.16032858401037;2;4;1;1.6;0.333333333333333;4;1;1
21931;8.41891353811113;2;1;1;1.6;0.333333333333333;4;1;1
22020;0.00128153209960105;2;4;1;0.4;1;1;0;1
22053;9.80243570240502;2;2;0.4;1.2;0.5;3;0;1
22129;11.9654131072571;4;2;1;1.8;0.333333333333333;4;0;1
22152;2.60592465046755;2;2;0.4;1.4;1;4;1;1
22160;9.50690951150838;2;1;0.4;1;0.333333333333333;3;0;1
22186;11.1435164251637;4;3;0.4;1.4;0.5;2;0;1
22202;11.2490296120856;2;1;0.4;1;0.25;4;0;0
22236;9.35985244532507;2;2;0.4;1.4;1;4;0;1
22277;10.1446293813011;2;1;1;1.2;0.5;0;0;0
22335;10.1719275577067;4;2;0.4;1.4;0.5;3;0.75;1
22418;3.24476521580236;2;2;1;1.4;1;1;0;0
22442;10.933001543169;2;1;1;1.6;0.333333333333333;4;0;1
22467;15.2601519556568;4;2;0.4;1.2;0.25;2;0;0
22525;10.6699213190735;4;4;1;1.6;0.5;1;0;1
22558;12.2430608627979;2;2;1;1.6;0.333333333333333;4;0;1
22566;13.5629497323892;4;4;0.4;1;0.333333333333333;0;0;0
22640;0.00128153209960105;2;4;1;0.4;1;1;0;1
22715;9.2688414273377;2;1;1;1.6;0.333333333333333;4;0;1
22723;2.92020802928988;0;1;1;1.2;1;2;1;1
22822;13.7753269150893;4;4;0;1.2;0.25;2;1;1
22830;11.8913633176867;4;3;1;1.6;0.5;3;0;1
22863;14.3538393417013;2;1;1;1.4;0.25;4;0;1
22871;15.2334023462607;2;1;1;1.2;0.25;4;0.25;1
22889;0.00128153209960105;2;4;1;0.4;1;1;0;1
22897;4.10360651956337;0;1;1;1.8;0.5;2;0;1
22905;11.6448843749535;4;3;0.4;1.4;0.5;0;0;0
22913;5.92936882480506;2;4;1;0.4;0.25;1;0;1
22996;9.79070732258107;0;4;0.4;1;1;3;0;0
23077;11.6316728102663;4;4;1;1.6;0.333333333333333;0;0;1
23150;0.011800714364343;4;4;1;0.4;1;1;1;1
23168;6.78382254862493;2;2;1;1.4;0.5;1;0;1
23176;13.6585075759313;0;1;0.4;1.2;0.5;4;0;1
23192;3.23856778201202;4;1;1;0.8;0.333333333333333;4;0;1
23218;0.732209287841372;4;1;1;1;1;4;0;1
23275;10.2199750123018;2;3;1;1.8;0.5;4;0;1
23283;12.282959801835;2;3;1;1;0.25;2;1;1
23317;12.8752595712424;4;3;1;1.8;0.333333333333333;4;0;1
23341;11.3566600081037;4;3;1;1.4;0.333333333333333;3;0;0
23390;3.51368027062045;4;4;1;1.8;0.5;2;0;1
23416;0.390195029449168;4;4;1;0.4;0.5;4;0;1
23499;5.12512546279085;2;1;1;1.6;1;2;0;0
23523;11.2627577073943;4;3;1;1.6;0.5;3;0;1
23531;7.94261386796981;4;4;1;1.8;0.5;3;0;1
23580;4.70881528145959;2;4;1;1.8;0.5;3;0;1
23648;8.32742822330201;4;1;0.4;1.4;1;1;0;1
23713;4.23691205799654;2;1;1;1.8;0.5;3;1;1
23747;9.42094029961229;4;1;1;1;1;0;0;0
23762;10.7363030788322;4;1;0.4;1.2;1;0;0;1
23838;7.15737865035325;4;1;1;1.4;0.5;4;0;1
23986;12.2442766510577;2;2;1;1.6;0.333333333333333;4;0;1
24059;9.98291735935287;2;1;0.4;1.2;1;0;0;0
24067;8.28740354230475;4;3;1;1.8;0.5;2;0;0
24091;8.25629100415359;2;1;0.4;1.2;0.5;3;1;1
24125;10.4323917208432;2;2;1;1.4;0.5;2;0;1
24190;7.44815950347848;4;1;0.4;1;1;0;0;1
24216;5.25981514007273;4;1;1;1.8;1;2;0;0
24224;5.48587703130265;0;1;0.4;1.4;1;0;0;0
24281;8.56955784692368;4;1;1;1.2;1;1;0;1
24307;11.1402729787048;0;1;1;1.4;0.333333333333333;1;0;0
24349;4.22320105214449;2;2;1;1.6;0.5;3;1;1
24356;7.31505455006817;4;1;0.4;1.2;1;1;0;0
24406;9.03516143673667;2;1;0.4;1;0.333333333333333;3;0;0
24414;4.91841552201992;4;2;1;1.6;1;3;0;1
24430;11.0095171464107;2;2;0.4;1.6;0.5;4;0.5;1
24463;5.22934621005859;2;2;1;1.6;0.5;1;0;0
24471;12.0777694549307;0;1;0.4;1.4;0.25;4;1;1
24489;8.50251369221688;2;1;0.4;1;0.333333333333333;4;0;1
24604;3.39830346105548;4;4;0.4;1.4;0.5;3;0;1
24711;2.44470840267003;0;4;1;1.8;1;1;0.25;1
24752;14.2066079458188;2;1;0.4;1.2;0.25;4;0;1
24828;5.54279137229153;2;1;0.4;1;1;3;0;1
24836;2.21823072118121;4;1;1;0.8;0.333333333333333;4;0;1
24844;7.33314549506115;4;3;1;1.8;0.5;1;0;1
24851;9.92218520319251;4;3;0.4;1.4;0.25;4;0;1
24885;7.0943650629214;2;2;1;1.8;1;2;0.25;1
24927;4.22827094296991;2;2;1;1.8;1;3;0;0
24935;12.7941946027881;4;3;0.4;1.8;0.5;4;0;1
24943;6.3838032412799;2;1;1;1.8;1;4;0;1
24976;10.3121137546967;4;2;1;1.4;0.5;3;0;1
25007;12.7860096409079;4;4;1;1.4;0.333333333333333;0;0;1
25064;5.61077214878175;2;1;0.4;1.4;1;3;0.75;1
25072;8.56426316214329;4;1;1;1.8;0.5;4;0.25;1
25098;11.1812800342285;4;2;0;1.2;0.333333333333333;4;0.5;1
25148;3.31855091630758;4;1;1;1.8;1;3;0;1
25262;7.36356931791224;2;4;1;1.6;0.5;0;0;1
25338;11.4185615230027;2;2;1;1.6;0.333333333333333;4;0;1
25353;9.83300620729188;2;2;1;1.6;0.5;4;0;1
25387;6.22016603425695;4;3;0.4;1.8;0.5;1;0.5;1
25395;12.408757831384;4;3;0.4;1.4;0.5;1;0.25;1
25403;4.46592337915553;0;1;0.4;1.4;1;0;0;1
25445;10.339493409171;4;4;1;1.6;0.333333333333333;3;0;1
25460;8.47403993005312;0;2;0.4;1.4;1;4;0;0
25502;8.57186591394081;2;4;1;1.6;0.333333333333333;3;1;1
25510;10.0460982589809;4;1;1;1.8;0.333333333333333;3;0;1
25544;8.92321453485615;2;4;1;1.6;0.5;0;0;0
25569;6.02486368934156;0;1;0.4;0.8;1;2;0;1
25619;5.68239444665572;2;3;1;1.6;0.5;0;0;1
25684;9.24282623619144;2;2;1;1.6;0.5;4;0;1
25742;8.76559528279273;2;1;0.4;1;0.333333333333333;4;0;1
25890;11.5630664072512;2;1;0.4;1;0.25;4;0;0
26005;13.4519587398778;4;2;0.4;1.4;0.333333333333333;4;0;1
26047;7.91198128633902;2;4;1;1.8;0.5;0;0.25;1
26138;7.99615485449436;4;1;1;1.8;0.333333333333333;3;0.5;1
26153;3.6903698456218;2;1;1;1.8;1;2;0.5;1
26161;7.50161946713734;4;1;1;1.4;1;1;0;0
26328;10.7482902346449;4;1;0.4;1;1;0;0;1
26351;11.2838904377305;4;2;1;1.6;0.333333333333333;4;0;1
26401;11.1960690093275;2;1;0.4;1;0.25;4;0;0
26476;13.6201719228089;2;1;1;1.2;0.25;0;0;0
26500;7.85230706984691;4;1;1;1.8;0.5;4;0;1
26518;11.778972923395;0;4;0.4;1.2;0.5;1;0;1
26526;10.1407169980512;2;1;0.4;1.2;0.5;3;0;0
26625;4.89527952754373;4;1;1;1.4;1;1;0.5;1
26633;4.38270347704581;4;1;1;1.4;1;1;0;1
26690;15.4035640651547;4;4;0.4;1.6;0.25;4;0;1
26724;6.80009758785711;2;1;0.4;1.6;1;1;0;1
26740;7.55561797217397;4;1;0.4;1.2;0.5;4;0;0
26807;6.49393321050214;4;1;1;1.8;1;3;0.75;1
26815;8.74237919449872;4;4;0.4;1.4;0.5;0;0;1
26948;8.63168741372093;4;4;1;1.6;0.5;0;0.25;1
26997;10.7312902023702;2;1;1;1.4;0.5;4;0;1
27029;3.15390382566847;4;2;1;1.6;1;3;0.25;1
27102;0.0860825766064646;0;4;1;1.8;1;3;0;1
27169;8.10034586233176;4;4;0.4;1.6;1;2;0;1
27300;4.50231127715274;4;2;1;1.8;1;2;0;0
27326;9.54026009114085;4;3;0.4;1.6;1;1;0.25;1
27334;7.06797216095449;4;3;1;1.6;0.5;1;0;1
27433;1.25868834039035;0;1;0.4;0.6;1;4;0;1
27490;13.5347828031781;2;1;0.4;1.4;0.5;4;0;1
27664;12.5097902463058;0;1;1;1.8;0.25;0;0.25;1
27698;11.1786497003792;4;1;1;1.6;0.333333333333333;2;0.75;1
27722;9.37054806352717;2;1;0.4;1;0.333333333333333;3;0;0
27797;4.36277151258448;4;2;1;1.4;1;0;0;1
27813;8.35483570424402;4;1;1;1.8;0.5;3;0;1
27847;0.00057758763807786;2;4;1;0.4;1;1;0;1
27862;8.11327862868232;4;1;1;1.8;0.5;3;0;1
28043;7.50050792748368;2;1;1;1.4;0.5;2;0;1
28076;8.39125815374154;4;1;0.4;0.8;1;0;0;0
28092;0.786375851675759;4;3;1;0.8;1;4;0;1
28142;10.8341215695191;4;3;0.4;1.4;0.5;0;0;1
28399;3.25006166320937;2;4;1;1.6;0.5;2;0;1
28431;9.69590969274582;2;1;0.4;1.2;0.5;3;0;1
28480;5.50799078855894;4;4;1;1.8;0.5;3;0;1
28571;9.12809214443023;4;3;1;1.8;0.5;4;0;1
28647;10.7048575438184;2;1;0.4;1;0.25;4;0;0
28670;7.87127272658162;2;1;0.4;1;0.5;3;0;1
28704;3.60670819924736;2;2;1;1.2;0.5;3;0;1
28738;14.4553556695701;4;1;0.4;1.2;0.25;4;0;0
28746;3.22919125311718;4;1;1;1.8;1;4;0;0
28787;8.54114563087536;4;4;0.4;1.8;0.5;3;0;0
28829;3.8940529870636;4;1;1;1.6;1;3;0;1
29298;9.11964791126032;2;1;0.4;1;0.333333333333333;4;0;1
29447;3.2505754114517;4;1;0.4;0.6;1;0;0;0
29520;12.6727863871369;2;1;1;1.6;0.333333333333333;4;0;1
29538;10.2143316360049;2;1;0;0.8;1;0;0;0
29629;0.00128153209960105;2;4;1;0.4;1;1;0;1
29637;0.011800714364343;4;4;1;0.4;1;1;1;1
29660;0.379027960225346;2;4;1;1.6;1;3;0;1
29801;11.3374490083092;4;2;0.4;1.2;0.333333333333333;2;0;1
29850;4.21628364221578;4;2;1;1.4;1;0;0;1
29934;8.62344344860889;2;1;0;0.8;1;0;0;1
30122;6.82786244452234;2;2;1;1.6;0.5;4;0;1
30148;12.6911960244818;4;1;0.4;1.2;0.5;3;0.25;1
30163;7.86115441668843;4;4;1;1.6;0.5;0;0;1
30197;8.75006012438141;0;4;0.4;1;1;3;0;0
30213;8.47205232294005;2;1;1;0.8;0.333333333333333;1;1;1
30262;8.09842761278522;4;1;1;1;1;0;0;0
30353;11.1750770828395;2;1;0.4;1;0.25;4;0;1
30577;8.89086738723959;4;1;1;1;1;0;0;1
30593;12.0774968631164;2;4;0.4;1.6;1;4;0.25;1
30601;0.00142933399558422;0;4;0;1.8;1;3;0;0
30643;4.73344984117989;4;2;0.4;1.8;0.333333333333333;4;0.5;1
30775;10.2480025451543;4;4;0.4;1.4;1;0;0.25;1
30809;11.3296369873457;2;1;1;1.4;0.5;0;0;0
30825;6.29349996642088;4;1;0.4;1.4;1;2;0.25;1
30833;10.3700081869773;4;1;1;1.8;0.333333333333333;3;0.75;1
30924;0.149319590910972;4;3;1;1.6;1;3;0;1
30973;7.06341356608065;4;1;1;1.8;1;3;0;0
30999;0.0860825766064646;0;4;1;1.8;1;3;0;0
31013;0.00125637795249999;2;4;1;0.4;1;1;0;1
31070;7.17720414967406;2;2;1;1.8;0.5;4;0;1
31088;4.87315925870452;4;2;1;1.6;0.5;3;0;0
31104;3.62612337505;2;2;1;1.8;1;3;0;0
31112;10.3178894389711;2;1;1;0.8;0.25;4;1;1
31179;7.80256896982782;2;4;1;1.6;0.5;1;0;1
31229;8.33425581306803;4;3;1;1.4;0.5;0;0;1
31237;3.54956348926631;2;2;0.4;1.4;1;4;1;1
31278;6.58138369582739;2;3;0;1.8;0.333333333333333;4;0;0
31310;13.6856902962688;4;1;0.4;1.2;0.333333333333333;3;0;1
31377;5.97385783923286;2;4;1;1.6;0.5;1;0;1
31401;10.6511605905604;4;1;0.4;1.4;1;3;0;1
31526;13.8811149114953;2;1;0;1;0.25;4;0.5;1
31534;5.53924307798323;4;3;1;1.8;0.5;3;0;0
31542;10.3949009781666;4;2;1;1.4;0.5;3;0;1
31559;11.1309676019089;4;3;0.4;1.4;0.5;3;0;1
31674;11.1198550395253;2;1;0;0.8;1;0;0;0
31724;6.50697746948368;2;2;0.4;1.6;1;2;0.25;1
31765;11.9230332973942;4;4;0.4;1.8;0.333333333333333;4;0;1
31856;10.6547740772817;0;4;0.4;1.2;1;3;0;1
31880;0.00142933399558422;0;4;0;1.8;1;3;0;0
31906;13.3007513811744;4;2;0.4;1.2;0.5;2;0;1
31922;10.8973552604524;4;3;0.4;1.6;1;2;0;1
31971;13.3367979048314;4;1;1;1.8;0.25;1;0.25;1
31997;13.5216640980076;2;1;1;1.4;0.25;4;0;1
32003;14.7693027289553;4;1;0.4;1.2;0.333333333333333;3;0;1
32052;12.6606891029999;4;2;1;1.4;0.25;3;0;1
32078;12.3656955995286;2;2;0.4;0.8;0.25;4;1;1
32110;6.13896411964436;4;1;0.4;1.6;1;2;0.25;1
32128;5.33693394144284;2;4;1;1.8;0.5;3;1;1
32151;4.97690256168788;2;1;1;1.6;1;1;0;1
32177;0.011800714364343;4;4;1;0.4;1;1;1;1
32193;6.73150750371421;2;2;0.4;1.6;1;2;0.5;1
32250;13.7274571433346;2;1;1;1;0.25;0;0;1
32359;7.78297356760529;4;1;1;1.8;0.5;3;0;1
32367;2.7323512767699;0;4;1;1.8;1;3;0.25;1
32391;5.58214571796548;2;1;1;1.6;0.5;4;0;1
32417;3.41720591578984;0;4;1;1.8;1;1;0.25;1
32458;6.07114117685873;4;3;1;1.8;0.5;2;0;0
32524;0.00128153209960105;2;4;1;0.4;1;1;0;1
32581;10.8012368618768;4;1;1;1.6;0.333333333333333;3;0.5;1
32664;11.2757487975182;4;2;0.4;1.4;0.333333333333333;4;0;1
32672;8.5718579240316;4;1;0.4;1.2;1;1;0;1
32862;15.8987484625387;4;2;0.4;1.4;0.333333333333333;3;0;1
33035;9.30696726662191;2;4;0.4;1.6;1;2;0;1
33050;8.41609737720357;4;2;1;1.2;1;0;0;1
33092;6.13002102203232;0;3;0.4;1.4;1;3;0.25;1
33100;9.80252365722687;2;1;0.4;1.4;1;1;0.5;1
33134;7.61291916981203;4;1;1;1.6;1;2;0.25;1
33183;8.12541366175644;2;4;1;1.4;0.5;0;0;1
33217;9.29411531339479;0;2;0.4;0.8;1;3;0;0
33316;3.25006166320937;2;4;1;1.6;0.5;2;0;1
33407;11.5540506482011;4;3;0.4;1.4;0.5;2;0;1
33431;9.39741628690322;2;1;0.4;1.2;1;0;0.5;1
33449;12.7363894772638;0;1;0.4;1;0.5;3;0;0
33464;10.108587746198;4;2;1;1.8;0.25;4;1;1
33522;5.25290507103591;2;4;1;1.6;0.5;2;0;1
33530;5.82535479821243;2;2;1;1.4;1;4;0;1
33639;7.70766972606115;4;1;1;1.8;1;3;0.25;1
33753;6.95267212090419;4;1;1;1.8;1;2;0.25;1
33803;10.8255220042717;2;1;1;1.2;0.5;0;0;0
33829;12.0886212066271;4;3;0;1.6;0.25;4;1;1
33845;12.0010805731992;4;4;1;1.6;0.333333333333333;0;0;1
33894;8.05952268510463;2;1;0;0.8;1;0;0;1
34025;4.1976067894037;4;1;0.4;0.8;1;0;0;0
34033;12.6914083567383;4;2;0;1;0.25;4;0.75;1
34041;7.68737920609105;4;3;0;1.8;0.333333333333333;4;0;1
34132;12.890732027298;2;1;1;1.4;0.333333333333333;4;0;1
34199;11.2188766802902;2;2;1;1.8;0.333333333333333;4;0;1
34207;0.0860825766064646;0;4;1;1.8;1;3;0;1
34272;8.93616324020314;4;2;0.4;1;0.5;0;0;1
34280;8.8968275298348;4;3;1;1.6;0.5;2;0.25;1
34314;12.958385418055;2;1;1;1.2;0.333333333333333;4;0;1
34421;4.04820642861469;2;4;1;1.6;0.5;1;0;0
34470;12.0811204859761;4;2;1;1.4;0.333333333333333;3;0.75;1
34520;8.42328214648535;4;1;0.4;1.4;1;1;0.25;1
34538;6.80211725916849;4;3;1;1.8;1;1;0.25;1
34629;10.7153714414076;2;1;1;1.6;0.5;2;0.25;1
34686;9.92349631010947;4;2;1;1.8;0.5;4;0;1
34736;12.1816488769517;4;2;0.4;1.6;0.5;4;0;1
34744;7.06487975317865;4;1;1;1.2;0.5;3;0;1
34843;13.3054284736815;4;1;0.4;1.2;1;0;0;0
34884;11.7902681013527;4;3;1;1.4;0.5;0;1;1
34918;11.6642637150112;2;1;1;1.8;0.25;1;0.25;1
34983;9.07392995745263;4;3;0;0.8;1;0;0;0
35097;9.00055489637796;4;2;1;1.4;1;1;0.25;1
35212;7.75940255369501;2;4;0.4;1.4;0.5;2;0;1
35311;9.2696614970486;2;1;0;0.8;1;0;0;1
35337;10.4522138187736;4;2;0;0.8;1;0;0;1
35352;10.8670392810641;2;3;0.4;1.2;0.5;0;0;1
35428;3.73147347044204;2;4;1;1.6;1;3;0;1
35451;6.58630535128333;4;4;1;1.8;0.5;0;0;0
35477;0.0860825766064646;0;4;1;1.8;1;3;0;0
35485;10.2396173841028;4;1;1;1.2;1;1;0.25;1
35501;7.81550548957872;4;4;0.4;1.8;0.5;2;0;1
35535;14.5226904995364;0;3;1;1.6;0.25;4;0;0
35584;10.0088967133041;4;2;1;1.8;0.5;4;0;1
35675;7.12635505276215;2;3;0.4;1.2;1;1;0.25;1
35808;4.21929161355666;2;1;0.4;1;0.5;4;0;1
35907;6.75491204139109;2;2;1;1.6;0.5;4;0;1
35915;11.244099211154;4;1;0.4;1;1;0;0;0
35949;7.99305723369289;4;2;1;1.4;0.5;2;0;1
35980;9.62926163847631;4;2;0.4;1.6;1;3;0;1
36475;4.5330576009855;4;1;1;1.8;1;3;0;1
36962;5.61905687024596;4;1;1;1.4;1;1;0.75;1
37002;11.8256414958383;4;2;0.4;1.6;0.5;4;0;1
37028;6.98235006993766;2;1;0.4;1;0.333333333333333;4;0;1
37051;6.83801878835848;2;2;1;1.4;0.5;1;0.5;1
37275;2.38596085777982;4;3;0;1;1;3;0.75;1
37283;6.10261852953555;4;3;1;1.8;0.5;2;0;1
37291;11.362416088104;2;2;0.4;1.8;0.333333333333333;4;0;1
37374;11.5491300920895;4;4;1;1.8;0.333333333333333;1;0;1
37408;7.37894279810907;2;1;0.4;1.4;1;4;0;1
37606;11.3610066967235;4;2;0.4;1.4;0.333333333333333;4;0;1
37697;13.0038796484283;2;1;1;1.2;0.25;4;1;1
37846;3.16339508326702;2;4;1;1.6;1;1;0;0
37903;8.36530350013213;2;1;0.4;1;0.333333333333333;3;0;0
37945;9.07850595369875;4;4;1;0.4;0.333333333333333;4;1;1
38000;7.72426826155268;4;4;1;1.8;0.5;2;0;1
38059;8.44271621288859;4;1;0.4;1.2;1;1;0;0
38133;11.1165226798619;2;2;1;1.4;0.5;3;0;1
38174;4.77489814697722;2;4;1;1.8;1;4;0;1
38190;12.8648661827349;4;1;0.4;1.4;0.5;4;0;0
38273;5.89787616837568;4;1;1;1.8;0.5;4;0.75;1
38281;10.9148767080407;2;3;1;1.8;0.5;4;0;1
38372;7.08752363473993;2;1;1;1.8;1;3;0.25;1
38406;10.1526162735709;2;2;0.4;1.6;1;4;0;1
38471;4.22648658015121;2;3;1;1.8;1;4;0;1
38505;10.5831948131786;4;2;1;1.6;0.5;3;0;1
38596;5.51952834639557;4;1;0.4;1.2;1;1;1;1
38620;9.99835327300619;2;1;0.4;1.6;1;4;0;1
38737;1.40802127340003;0;4;0.4;1.6;1;4;1;1
38794;0.00128153209960105;2;4;1;0.4;1;1;0;1
38836;6.504963131544;0;1;0.4;1.2;1;0;0;0
38851;13.0009349957452;2;1;1;1.4;0.333333333333333;1;0;0
38885;6.94135916006998;4;1;1;1.6;1;2;0;1
38919;13.248342377023;0;1;1;1;0.333333333333333;3;0;0
38943;9.47923780193338;2;1;1;1.6;0.5;4;0.5;1
38992;6.92149847981962;2;1;0.4;1;0.5;1;0;0
39149;13.8386582354834;4;1;1;1.2;0.25;3;0;1
39164;7.01676210819527;4;1;1;1.8;0.5;4;0;0
39263;1.36446324438637;2;3;1;1.4;1;3;0;1
39271;0.00128153209960105;2;4;1;0.4;1;1;0;1
39313;12.4330668810417;2;3;1;1.6;0.333333333333333;4;0;1
39511;3.6999995584365;2;4;1;1.6;0.5;1;0;1
39545;2.96747012112843;2;1;1;1.8;1;2;0;1
39644;6.87128921628287;4;2;1;1.6;0.5;2;0;0
39701;12.6719140752797;4;2;1;1.4;0.333333333333333;1;0;0
39719;9.24582375933166;2;1;1;1.2;0.5;3;0;1
39750;11.9050217689054;2;4;1;1.4;0.333333333333333;1;0;1
39784;2.13754994951116;4;1;1;1;1;4;0;1
39818;12.081857990814;4;4;1;1.6;0.5;2;0.25;1
39826;6.99031937815213;4;2;1;1.6;1;4;0;1
39867;8.72498054202361;4;1;0.4;1.2;1;1;0;0
39875;7.19435377875441;4;4;1;1.8;0.5;1;0;1
39883;7.66849756168937;4;4;1;1.8;0.5;3;0;1
39891;7.67160696144968;4;2;0.4;1.6;1;3;0;1
39958;6.42615870679606;0;4;0.4;1.4;1;2;0;0
39982;9.32737650647346;2;1;0;0.8;1;0;0;1
40071;8.01900636227814;2;3;1;1.2;0.333333333333333;3;0;1
40097;0.786370591242193;4;3;1;0.8;1;4;0;1
40113;6.34615229026452;2;1;1;1.6;0.5;4;0;1
40246;5.71963131181924;0;2;1;1.2;1;3;0;1
40287;11.3185613787113;2;1;1;1.4;0.333333333333333;4;0;1
40303;12.7191748048823;4;4;1;1.4;0.25;1;0;1
40311;9.15219876377135;2;2;1;1.8;1;4;0;1
40378;6.88089235015432;4;1;1;1.6;1;3;0;0
40402;14.5780577076561;2;4;0;1;0.25;4;1;1
40410;3.74680194570854;4;4;0.4;0.8;1;2;0;1
40501;5.96211178632668;0;4;1;1.2;1;1;0.5;1
40527;12.1541829904259;0;1;1;1;0.5;3;0;1
40543;10.0430012994987;4;3;1;1.8;0.333333333333333;1;0.25;1
40550;14.5936249197777;2;1;1;1.4;0.25;4;0.25;1
40568;1.98893474559361;4;1;1;1.8;1;4;0;1
40659;0.00128153209960105;2;4;1;0.4;1;1;0;1
40717;5.58374199591891;2;2;1;1.8;1;3;0.75;1
40758;4.72175723075651;4;1;1;1.8;1;2;0;1
40857;13.4058890061089;2;3;1;1.2;0.25;1;1;1
40949;10.7548280314883;4;2;0.4;1.4;0.333333333333333;4;0;1
40972;9.55025670436047;4;3;1;1.8;0.333333333333333;4;0;1
40980;5.89156628536047;2;4;1;1.8;0.5;0;0;1
41012;10.0729324113227;4;1;0.4;1.6;1;4;0;1
41046;8.11862341607481;4;3;1;0.4;0.5;4;0.25;1
41053;7.3115185082236;2;4;1;1.4;0.5;2;0;1
41061;12.2326311356082;0;4;0.4;1;1;4;0;0
41095;0.468461056695641;4;1;0;0.6;1;3;0;0
41103;0.011800714364343;4;4;1;0.4;1;1;1;1
41160;9.40625041088066;4;4;0.4;1.6;0.333333333333333;2;0.25;1
41178;6.73570671516054;4;1;0.4;1.2;1;1;0;0
41202;11.6780964179686;2;2;0.4;1;0.25;4;0;1
41210;10.2051887536179;2;1;1;1.4;0.5;3;0;1
41228;10.8775726282504;2;3;1;1.6;0.333333333333333;4;0;0
41236;8.92692389484089;0;1;0.4;1;1;1;0;1
41277;11.2639731538312;2;1;0.4;1.2;0.5;3;0;1
41376;5.47965876005876;0;3;0.4;1.4;1;4;0;1
41442;12.6286960730241;4;2;0.4;1.4;0.5;3;0;1
41517;12.400567777825;2;1;1;1.2;0.25;4;0;1
41731;9.62978192198388;4;2;0;0.8;1;0;0;0
41798;10.4313871450457;4;4;0.4;1.6;0.5;2;0;1
41806;3.96346595643307;2;2;1;1.4;1;3;0;1
41814;5.84194060710364;2;1;1;1.4;1;0;0;1
41822;12.8901600056886;2;4;1;1.8;0.25;4;0;1
41830;9.6359165787121;4;3;1;1.6;0.5;3;0;1
41855;6.74732100612142;2;3;1;1.4;0.5;2;0;1
41897;10.2929542167253;4;3;1;1.4;0.5;0;0.5;1
41921;8.02526541218321;0;2;0;0.6;1;0;0;0
41988;0.732209287841372;4;1;1;1;1;4;0;1
41996;10.2864077938194;2;3;1;1.4;0.5;0;0;1
42002;6.21587225002219;2;3;0.4;1.4;1;0;0;1
42051;9.48558843706232;4;1;1;1;1;1;0;0
42069;5.14520423020187;4;4;1;1.8;0.5;0;0;1
42085;4.46592337915553;0;1;0.4;1.4;1;0;0;0
42135;5.40911808032127;4;3;1;1.6;1;0;0;1
42150;5.29384014298866;4;4;0.4;1.8;0.5;3;1;1
42259;12.2610174754853;4;4;0.4;1.6;0.5;2;0;1
42317;6.59181357413508;4;1;0.4;0.8;1;0;0;1
42341;10.6197808351076;4;1;1;1.4;0.5;4;0.25;1
42366;6.18099386489593;4;2;1;1.8;1;1;0.25;1
42374;1.77101507535642;4;3;1;1;0.5;4;0;1
42382;3.96639177869237;4;3;1;1.8;1;1;0;1
42390;10.7052878226287;4;3;1;1.8;0.333333333333333;4;0;1
42408;10.6294627405749;2;2;0.4;1;0.25;4;0;1
42416;4.90259453908878;4;3;0;0.8;1;0;0;0
42440;12.5532356904893;2;1;1;1.2;0.333333333333333;2;0;0
42499;6.373803364534;0;1;0;0.6;1;4;0;0
42507;8.84889091847132;4;2;0.4;1.6;0.5;4;0;1
42564;4.58139633869341;2;1;1;1.8;0.5;3;1;1
42689;11.0390730619971;2;1;0.4;1;0.25;4;0;1
42705;6.8294266600675;2;2;0.4;1.2;1;0;0;0
42747;11.9999100635956;4;1;0.4;1.2;1;0;0;0
42762;10.8513081903095;4;4;1;1.4;0.5;0;0;1
42929;8.2141541951421;0;1;0.4;1;1;2;0;0
42978;12.8928524770568;2;4;1;1.8;0.25;3;0.75;1
42986;7.37589582676974;4;2;0.4;1.8;0.5;4;0.25;1
42994;13.9070693265896;4;1;1;1.8;0.25;4;0;1
43042;8.23729570517136;2;4;0.4;1.6;1;1;0;0
43109;11.901942002045;2;2;1;1.2;0.333333333333333;3;0;1
43224;6.96711813333982;0;2;0.4;1.6;1;3;0;1
43232;3.36050183177392;2;1;1;1;1;1;0;1
43240;2.67555708938999;4;1;0.4;0.6;1;0;0;1
43257;12.3055084238816;4;4;1;1.6;0.333333333333333;1;0.5;1
43281;4.47435198541127;4;2;0;0.8;1;0;0;1
43422;13.6359137204935;2;2;1;1.4;0.25;3;0.5;1
43513;10.0886389936586;4;1;1;1.8;0.25;1;1;1
43539;0.00128153209960105;2;4;1;0.4;1;1;0;1
43570;9.92173181279825;2;1;0.4;1;0.333333333333333;3;0;1
43661;5.9182409442016;4;1;1;1.6;1;2;0;1
43687;12.9067623942388;2;2;0;0.6;0.25;2;1;1
43695;0.836345539816042;4;1;0.4;0.6;0.5;3;0;1
43760;8.92009787226726;2;4;0.4;1.4;0.5;1;0;1
43810;10.9482897964251;0;4;0.4;1.2;0.5;3;0;1
43828;0.00128153209960105;2;4;1;0.4;1;1;0;1
43844;9.5479621910118;2;2;1;1;0.333333333333333;2;0;1
43901;6.13136574520066;0;4;0.4;1.4;1;2;0.25;1
43943;9.43595198462069;4;4;1;1.6;0.5;0;0;1
44149;3.90502300496885;4;2;0;0.8;1;0;0;1
44180;10.7390625407073;2;1;1;1.4;0.5;3;0;1
44255;9.53115073344992;2;1;0.4;1;0.5;1;1;1
44420;0.00118014880947382;4;4;1;1.4;1;4;1;1
44487;5.72621667631406;2;1;0.4;1;0.5;3;0;1
44503;0.786370591242193;4;3;1;0.8;1;4;0;1
44545;3.68698956990174;2;3;1;1.2;1;1;0;1
44560;13.8129517138138;2;1;1;1.8;0.25;4;0;1
44602;10.5921537008833;4;4;0.4;1.8;1;4;0;1
44610;9.41651145337415;4;2;0.4;1.6;0.5;4;0;1
44644;5.19040537656256;4;2;1;1.6;0.5;3;0;0
44719;0.011800714364343;4;4;1;0.4;1;1;1;1
44776;7.13361629962651;2;2;1;1.8;0.5;4;0;0
44792;0.00128153209960105;2;4;1;0.4;1;1;0;1
44818;8.07409458474159;4;2;0.4;1.6;1;4;0.25;1
44826;6.72127874321928;2;1;1;1.2;0.5;4;0;1
45021;6.25290077270242;4;4;1;0.6;0.5;0;0;1
45146;4.4317298170878;4;2;0.4;0.8;1;0;0;0
45468;3.55845948740012;2;1;0;0.4;1;0;1;1
45476;10.6633233456809;2;2;1;1.6;0.5;4;0;1
45500;12.1046920832794;4;3;0.4;1.8;0.5;4;0;1
45526;7.12437598475746;4;4;0.4;1.8;0.5;3;0.5;1
45534;11.7650615953552;0;4;0.4;1;1;4;0;1
45591;11.0669073788786;2;2;1;1.4;0.333333333333333;4;0;0
45609;10.3318162420755;2;1;0;0.8;1;0;0;1
45617;11.1013664365437;2;1;0.4;1.4;1;1;0.25;1
45641;9.58314558121282;2;1;0.4;1;0.333333333333333;3;0;1
45682;9.93233537465881;4;1;0.4;1.4;1;3;0;1
45690;5.00410651659272;2;1;1;1.8;1;4;0;1
45708;4.50542625416117;4;3;0.4;0.8;1;0;0;0
45773;8.18864968815096;4;4;1;1.8;0.333333333333333;2;0.75;1
45997;11.4902895212024;2;4;1;1.6;0.333333333333333;2;0;1
46193;8.91409808615929;4;2;0.4;1.6;1;4;0.25;1
46243;12.3977833496462;4;2;0.4;1.6;0.333333333333333;4;0;1
46284;12.107419354047;2;2;1;1.8;0.333333333333333;4;0.5;1
46318;8.62353058867286;2;4;1;1.6;0.5;3;0;1
46326;11.4974454411476;2;1;1;1.4;0.25;4;1;1
46334;8.38331356773783;4;2;1;1.8;0.5;4;0;1
46359;10.6436494782305;4;1;1;1.2;0.5;1;1;1
46375;9.24272640573597;2;1;1;1.6;0.5;3;0;0
46425;7.5303439895175;4;1;1;1.6;0.5;4;0;1
46466;10.2093963783592;0;4;1;0.8;0.25;3;0;1
46599;3.73620672533903;2;4;1;1.6;1;2;0;0
46730;4.10814253777248;4;1;1;1.4;1;1;0;1
46839;13.1476603218545;4;3;0;1;0.333333333333333;0;0.25;1
46888;6.01071943224899;0;2;0.4;1.6;1;3;0.5;1
46912;4.11027012584398;0;4;1;1.8;1;1;0.25;1
46920;13.0557464478353;2;1;0.4;1.6;0.333333333333333;4;0;1
46946;2.57400280755403;2;2;0;0.6;1;0;0;1
47118;6.1926705434698;2;1;1;1.6;0.5;4;0;1
47142;0.011800714364343;4;4;1;0.4;1;1;1;1
47159;4.90106774761749;2;2;1;1.6;1;2;0;1
47191;3.72540222680353;4;4;0.4;0.8;1;2;0;1
47225;11.0027381553534;4;3;1;1.8;0.333333333333333;4;0;1
47233;7.01926298482062;4;2;1;1.6;1;4;0;1
47258;8.15446448475239;4;3;0;0.8;1;0;0;1
47357;15.2620010395686;4;1;0.4;1.4;0.333333333333333;4;0;1
47365;3.35782912149308;2;3;1;1.8;0.5;4;0;1
47506;9.25474684815644;2;4;1;1.6;0.5;0;0.25;1
47563;2.5691048984444;4;4;1;1.8;1;1;0;1
47571;4.40390157164665;2;1;1;1.4;1;0;0.5;1
47589;9.73068574831398;4;3;1;1.8;1;4;0;1
47613;9.60529546158956;4;2;1;1.8;0.5;1;0.25;1
47720;9.32915581684582;0;1;0.4;1.4;0.5;3;0;1
47738;6.08825600545874;2;2;1;1.6;0.5;3;0;1
47761;11.837226997378;4;2;1;1;0.333333333333333;1;0.5;1
47829;6.96659618467995;0;4;0.4;1.6;1;3;0;1
47837;5.96623713095476;4;3;1;1.8;1;1;0;0
47860;13.6497710875418;2;1;0.4;0.8;0.25;4;1;1
47878;11.3442226028948;4;4;1;1.8;0.333333333333333;3;0;1
47910;8.65097940737152;2;1;1;1;0.5;0;0;1
47928;13.4981073123579;4;3;0.4;1.4;0.5;0;0;0
48132;15.1860972054691;4;1;0.4;1.2;0.5;2;0;1
48199;0.377990637049264;2;4;1;1.6;1;3;0;0
48231;6.98952916529819;0;1;0.4;1.6;1;3;0;1
48298;11.4409250165911;4;2;0.4;1.2;0.333333333333333;3;0;1
48306;10.7621169207229;4;4;0;0.4;0.25;2;1;1
48348;3.27170324848191;2;1;1;1.8;1;4;0;1
48363;13.0036566665508;4;3;0.4;1.4;0.5;0;0;1
48371;1.47151497930528;2;3;1;1.2;1;2;1;1
48397;11.5171152180723;4;1;1;1.6;0.5;4;0;1
48413;5.86451452247687;4;1;1;1.4;1;1;0.25;1
48421;8.04591509630706;4;1;0.4;1.6;1;4;0;1
48439;11.2165607908676;4;2;1;1.6;0.25;1;1;1
48447;13.5442995641589;4;3;0.4;1.8;0.333333333333333;4;0.25;1
48454;3.79695495220367;2;4;1;1.6;1;2;0;1
48462;12.8119596752228;2;4;1;1.4;0.333333333333333;1;0.25;1
48470;14.2930108957927;4;4;0.4;1.2;0.5;0;0;1
48504;11.2490296120856;2;1;0.4;1;0.25;4;0;0
48512;3.76519902170018;2;1;1;1.4;1;0;0.5;1
48520;5.51101355023493;2;1;1;1.8;1;2;0.25;1
59089;9.9517153932089;4;2;0.4;1.4;0.5;3;0;1
59113;11.0058104272015;2;2;0.4;1.6;1;4;0;1
59121;10.6593887561088;4;3;0.4;1.8;0.5;4;0;1
59139;0.00128153209960105;2;4;1;0.4;1;1;0;1
59147;6.58841059691812;4;4;1;1.8;0.5;1;0;1
59188;3.40002250795655;4;1;1;1.8;1;4;0;0
59220;11.9324659023968;4;3;0.4;1.8;1;4;0;1
59238;2.46718578698454;2;2;1;1.6;1;4;0;1
59246;12.1077961048141;2;1;1;1.2;0.25;4;1;1
59253;10.731529531388;0;1;0.4;0.8;0.333333333333333;4;0;0
59261;10.23323048283;2;4;0.4;1;0.25;4;1;1
59287;15.2057478356914;2;1;0.4;1;0.25;2;0;0
59295;9.00807852068022;2;3;0.4;1.4;1;0;0;1
59303;11.1638063708262;4;1;1;1.6;0.333333333333333;4;0;0
59311;5.67249825331911;2;3;1;1.6;0.5;3;0;1
59329;4.93853614083756;4;1;1;1.8;1;3;0;1
59337;12.8894994196467;2;3;0.4;1.2;0.5;0;0;0
59386;2.03924329456187;0;4;1;1.8;1;1;0.25;1
59402;8.46436172974111;2;1;0.4;1;1;0;0;1
59477;6.64073201200536;4;2;1;1.8;0.5;4;0;1
59485;8.31512020446286;2;1;1;1.8;0.5;2;0.25;1
59642;7.22157847858553;4;4;1;1.8;0.333333333333333;3;1;1
