"pt_ID","invOpen","invTotAssets","invTotContr","TrHonour","TrDisrupt","TrRetal","TrRepair","Drel_fI_tot","Drel_fT_tot","respMag","respAng"
"10009",10.000,243.000,145.000,0.333,0.667,0.200,0.800,2.675,-0.224,0.384,-4.776
"10017",16.000,239.000,154.000,1.000,0.000,0.000,1.000,0.200,-0.212,0.042,-46.727
"10025",3.000,191.000,50.000,0.333,0.667,0.667,0.333,-1.919,-1.200,0.323,-147.988
"10041",10.000,277.000,171.000,1.000,0.000,0.250,0.750,-0.950,-0.395,0.147,-157.438
"10059",10.000,194.000,79.000,0.500,0.500,0.500,0.500,-0.599,-0.542,0.115,-137.859
"10067",8.000,204.000,121.000,0.800,0.200,0.667,0.333,0.567,-0.374,0.097,-33.366
"10075",20.000,256.000,170.000,0.667,0.333,0.800,0.200,1.570,-0.479,0.235,-16.968
"10083",20.000,280.000,180.000,1.000,0.000,0.250,0.750,-1.000,-0.752,0.179,-143.051
"10091",3.000,189.000,28.000,0.333,0.667,0.200,0.800,-1.034,-2.317,0.362,-114.045
"10116",7.000,194.000,79.000,0.800,0.200,0.667,0.333,0.149,-0.581,0.086,-75.590
"10140",3.000,200.000,14.000,NaN,NaN,1.000,0.000,-2.800,-2.200,0.509,-141.843
"10158",10.000,202.000,92.000,0.667,0.333,0.800,0.200,-0.631,-0.727,0.138,-130.961
"10174",20.000,259.000,140.000,0.000,1.000,0.500,0.500,0.667,-0.553,0.124,-39.640
"10182",12.000,280.000,192.000,1.000,0.000,0.000,1.000,0.000,-0.284,0.041,-90.000
"10207",6.000,216.000,117.000,0.750,0.250,0.500,0.500,0.783,-0.530,0.135,-34.101
"10215",15.000,194.000,66.000,0.250,0.750,0.000,1.000,-0.811,-1.540,0.249,-117.767
"10223",5.000,274.000,140.000,1.000,0.000,0.667,0.333,2.738,-0.011,0.391,-0.239
"10265",10.000,239.000,138.000,1.000,0.000,0.667,0.333,0.257,-0.071,0.038,-15.512
"10281",10.000,195.000,89.000,0.333,0.667,0.500,0.500,-1.402,-0.058,0.200,-177.620
"10299",12.000,209.000,95.000,1.000,0.000,0.429,0.571,-0.239,-0.965,0.142,-103.901
"10306",5.000,221.000,117.000,0.333,0.667,0.600,0.400,0.681,-0.634,0.133,-42.948
"10314",11.000,233.000,102.000,0.000,1.000,0.429,0.571,-0.563,-0.388,0.098,-145.417
"10330",12.000,219.000,85.000,0.667,0.333,0.400,0.600,-0.377,-0.399,0.078,-133.376
"10356",10.000,202.000,56.000,1.000,0.000,0.333,0.667,-0.915,-1.352,0.233,-124.103
"10364",20.000,284.000,200.000,1.000,0.000,0.000,1.000,0.000,-0.752,0.107,-90.000
"10447",5.000,207.000,67.000,0.000,1.000,0.750,0.250,-2.286,-1.178,0.367,-152.744
"10520",20.000,263.000,132.000,0.750,0.250,0.500,0.500,-1.154,-0.558,0.183,-154.176
"10570",11.000,201.000,83.000,0.250,0.750,0.250,0.750,-0.357,-1.566,0.229,-102.847
"10629",15.000,242.000,136.000,0.667,0.333,0.600,0.400,0.517,-0.273,0.084,-27.825
"10679",8.000,228.000,119.000,0.250,0.750,0.250,0.750,1.092,-0.857,0.198,-38.132
"10695",12.000,216.000,120.000,0.667,0.333,0.400,0.600,0.595,-0.895,0.153,-56.375
"10702",15.000,214.000,129.000,0.667,0.333,0.600,0.400,0.457,-1.083,0.168,-67.124
"10710",15.000,230.000,140.000,1.000,0.000,0.750,0.250,-0.199,-0.582,0.088,-108.843
"10728",20.000,275.000,190.000,1.000,0.000,0.250,0.750,-0.500,-0.752,0.129,-123.614
"10736",7.000,226.000,119.000,1.000,0.000,0.750,0.250,0.565,-0.100,0.082,-10.061
"10744",10.000,203.000,100.000,0.750,0.250,0.500,0.500,-0.410,-0.641,0.109,-122.628
"10752",10.000,199.000,75.000,0.333,0.667,0.600,0.400,-1.342,-0.786,0.222,-149.635
"10778",20.000,276.000,194.000,1.000,0.000,0.500,0.500,0.700,-0.751,0.147,-47.019
"10794",9.000,199.000,91.000,0.333,0.667,0.400,0.600,-0.421,-0.674,0.113,-121.993
"10801",5.000,262.000,136.000,0.500,0.500,0.000,1.000,1.831,-0.079,0.262,-2.461
"10819",5.000,200.000,43.000,0.333,0.667,0.333,0.667,-1.720,-0.511,0.256,-163.449
"10827",2.000,185.000,28.000,0.750,0.250,0.500,0.500,-1.275,-1.842,0.320,-124.693
"10843",7.000,206.000,103.000,0.667,0.333,0.400,0.600,0.228,-0.343,0.059,-56.424
"10869",10.000,265.000,159.000,0.750,0.250,0.000,1.000,2.436,-0.046,0.348,-1.080
"10877",9.000,207.000,86.000,0.500,0.500,0.250,0.750,-0.113,-0.565,0.082,-101.342
"10893",4.000,240.000,121.000,0.750,0.250,0.250,0.750,1.604,-0.093,0.229,-3.327
"10900",20.000,276.000,189.000,1.000,0.000,0.250,0.750,-0.550,-0.752,0.133,-126.176
"10918",5.000,189.000,66.000,1.000,0.000,0.400,0.600,0.317,-1.285,0.189,-76.133
"10975",20.000,279.000,190.000,1.000,0.000,0.333,0.667,0.500,-0.352,0.087,-35.123
"10983",15.000,276.000,188.000,1.000,0.000,0.000,1.000,1.250,-0.350,0.185,-15.657
"11049",14.000,229.000,145.000,0.600,0.400,0.667,0.333,0.385,-0.016,0.055,-2.332
"11064",5.000,206.000,52.000,1.000,0.000,0.600,0.400,-0.899,-1.296,0.225,-124.737
"11171",10.000,245.000,124.000,0.750,0.250,0.500,0.500,0.159,-0.304,0.049,-62.350
"11239",8.000,223.000,124.000,0.750,0.250,0.250,0.750,1.919,-1.102,0.316,-29.858
"11262",12.000,252.000,142.000,0.750,0.250,0.500,0.500,1.489,-0.197,0.215,-7.519
"11296",8.000,195.000,92.000,0.333,0.667,0.400,0.600,-0.546,-0.808,0.139,-124.050
"11304",14.000,247.000,171.000,0.750,0.250,0.500,0.500,2.617,0.014,0.374,0.312
"11312",10.000,254.000,153.000,0.800,0.200,0.333,0.667,1.164,0.023,0.166,1.152
"11320",8.000,200.000,53.000,0.000,1.000,0.500,0.500,-1.294,-1.547,0.288,-129.913
"11338",5.000,212.000,55.000,0.667,0.333,0.400,0.600,-1.233,-0.839,0.213,-145.755
"11403",6.000,183.000,65.000,0.500,0.500,0.667,0.333,-1.236,-0.492,0.190,-158.296
"11429",3.000,190.000,29.000,1.000,0.000,0.600,0.400,-1.344,-1.656,0.305,-129.058
"11460",13.000,279.000,172.000,1.000,0.000,0.250,0.750,2.036,0.015,0.291,0.432
"11486",15.000,223.000,153.000,1.000,0.000,0.500,0.500,-0.167,-0.348,0.055,-115.593
"11544",8.000,195.000,74.000,0.500,0.500,0.500,0.500,-0.633,-1.277,0.204,-116.386
"11551",8.000,201.000,88.000,0.333,0.667,0.400,0.600,-0.523,-1.327,0.204,-111.535
"11619",10.000,208.000,112.000,0.500,0.500,0.250,0.750,0.085,-0.529,0.077,-80.876
"11627",3.000,180.000,49.000,0.333,0.667,0.400,0.600,-0.632,-2.208,0.328,-105.973
"11635",7.000,196.000,83.000,0.750,0.250,0.500,0.500,-0.387,-0.529,0.094,-126.169
"11718",5.000,198.000,41.000,0.500,0.500,0.333,0.667,-0.583,-1.339,0.209,-113.518
"11759",10.000,189.000,89.000,1.000,0.000,0.600,0.400,-0.486,-0.960,0.154,-116.884
"11767",10.000,214.000,127.000,1.000,0.000,0.500,0.500,1.068,-0.447,0.165,-22.695
"11858",10.000,209.000,104.000,0.500,0.500,0.250,0.750,0.456,-0.662,0.115,-55.474
"11874",7.000,202.000,92.000,0.000,1.000,0.200,0.800,-0.185,-0.625,0.093,-106.466
"11882",3.000,201.000,74.000,1.000,0.000,0.600,0.400,0.124,-0.539,0.079,-77.020
"11932",5.000,193.000,62.000,1.000,0.000,0.143,0.857,0.089,-1.259,0.180,-85.962
"11940",3.000,187.000,49.000,0.333,0.667,0.333,0.667,-1.540,-1.741,0.332,-131.500
"11965",5.000,192.000,52.000,0.000,1.000,0.429,0.571,-1.730,-2.252,0.406,-127.544
"11981",5.000,212.000,83.000,1.000,0.000,0.200,0.800,0.033,-0.626,0.090,-86.952
"12005",10.000,249.000,139.000,0.800,0.200,0.000,1.000,0.721,-0.002,0.103,-0.138
"12013",5.000,203.000,49.000,1.000,0.000,0.400,0.600,-0.366,-1.068,0.161,-108.931
"12070",5.000,202.000,63.000,0.667,0.333,0.800,0.200,-1.642,-1.447,0.313,-138.607
"12096",10.000,212.000,115.000,0.500,0.500,0.250,0.750,0.358,-0.724,0.115,-63.704
"12161",5.000,228.000,103.000,0.333,0.667,0.400,0.600,-0.156,-0.949,0.137,-99.362
"12195",8.000,217.000,81.000,0.667,0.333,0.600,0.400,-0.200,-0.594,0.090,-108.595
"12203",10.000,208.000,106.000,1.000,0.000,0.750,0.250,-0.424,-0.462,0.090,-132.587
"12211",7.000,181.000,67.000,0.667,0.333,0.200,0.800,0.084,-1.632,0.233,-87.051
"12260",7.000,201.000,75.000,1.000,0.000,0.600,0.400,-0.382,-0.815,0.129,-115.132
"12302",8.000,226.000,113.000,0.667,0.333,0.400,0.600,0.706,-0.503,0.124,-35.462
"12310",5.000,213.000,109.000,0.750,0.250,0.250,0.750,0.406,-0.537,0.096,-52.899
"12385",12.000,264.000,147.000,0.750,0.250,0.250,0.750,0.814,-0.094,0.117,-6.619
"12393",14.000,197.000,101.000,0.500,0.500,0.500,0.500,-0.588,-0.746,0.136,-128.250
"12401",15.000,198.000,111.000,1.000,0.000,0.571,0.429,-0.587,-1.436,0.222,-112.248
"12435",10.000,200.000,58.000,0.667,0.333,1.000,0.000,-1.811,-0.850,0.286,-154.849
"12500",5.000,203.000,44.000,1.000,0.000,0.667,0.333,-1.437,-1.203,0.268,-140.052
"12526",20.000,254.000,143.000,0.500,0.500,0.500,0.500,1.154,-0.659,0.190,-29.733
"12534",10.000,245.000,121.000,0.400,0.600,0.000,1.000,0.281,-0.590,0.093,-64.526
"12542",8.000,208.000,110.000,0.333,0.667,0.400,0.600,0.757,-0.777,0.155,-45.753
"12567",6.000,231.000,106.000,1.000,0.000,0.600,0.400,0.533,-0.397,0.095,-36.657
"12591",10.000,259.000,151.000,1.000,0.000,0.500,0.500,1.448,-0.090,0.207,-3.540
"12658",5.000,210.000,104.000,0.667,0.333,0.400,0.600,0.676,-0.604,0.129,-41.787
"12682",13.000,266.000,144.000,0.500,0.500,0.750,0.250,0.023,-0.066,0.010,-70.873
"12690",13.000,251.000,162.000,1.000,0.000,0.667,0.333,1.004,-0.276,0.149,-15.380
"12757",5.000,184.000,70.000,0.500,0.500,0.500,0.500,-1.227,-1.933,0.327,-122.410
"12773",5.000,201.000,43.000,1.000,0.000,0.714,0.286,-1.918,-2.333,0.431,-129.434
"12799",12.000,256.000,148.000,0.750,0.250,0.250,0.750,1.410,-0.100,0.202,-4.074
"12831",9.000,195.000,92.000,0.600,0.400,0.667,0.333,-0.181,-0.704,0.104,-104.381
"12849",10.000,245.000,111.000,0.750,0.250,0.750,0.250,-0.856,-0.117,0.123,-172.240
"12948",10.000,215.000,104.000,0.667,0.333,0.800,0.200,-0.462,-0.354,0.083,-142.530
"13045",12.000,223.000,110.000,1.000,0.000,0.667,0.333,-0.288,-0.601,0.095,-115.613
"13078",4.000,208.000,65.000,0.250,0.750,0.500,0.500,-0.857,-0.372,0.134,-156.522
"13128",14.000,249.000,138.000,1.000,0.000,0.500,0.500,1.564,0.248,0.226,9.014
"13144",15.000,198.000,71.000,0.750,0.250,0.500,0.500,-1.566,-2.052,0.369,-127.361
"13151",10.000,203.000,104.000,0.667,0.333,0.600,0.400,-0.115,-0.509,0.075,-102.707
"13169",12.000,231.000,148.000,0.600,0.400,0.667,0.333,1.376,-0.351,0.203,-14.319
"13177",10.000,227.000,114.000,0.667,0.333,0.600,0.400,1.195,-0.385,0.179,-17.864
"13243",6.000,183.000,55.000,0.333,0.667,0.400,0.600,-0.855,-1.378,0.232,-121.809
"13276",5.000,206.000,44.000,1.000,0.000,0.400,0.600,-1.107,-2.024,0.330,-118.668
"13284",10.000,190.000,82.000,0.500,0.500,0.500,0.500,-0.798,-0.803,0.162,-134.818
"13300",7.000,203.000,91.000,1.000,0.000,0.400,0.600,-0.009,-0.449,0.064,-91.159
"13441",10.000,195.000,85.000,1.000,0.000,0.833,0.167,-0.830,-1.055,0.192,-128.178
"13458",12.000,237.000,144.000,1.000,0.000,0.500,0.500,0.930,-0.301,0.140,-17.921
"13615",3.000,195.000,48.000,1.000,0.000,0.667,0.333,-0.694,-1.539,0.241,-114.260
"13698",15.000,257.000,150.000,0.750,0.250,0.500,0.500,1.881,-0.274,0.272,-8.283
"13706",8.000,189.000,67.000,1.000,0.000,0.800,0.200,-1.736,-1.764,0.353,-134.537
"13979",10.000,227.000,90.000,0.667,0.333,0.600,0.400,-0.221,-0.647,0.098,-108.884
"13995",12.000,287.000,161.000,1.000,0.000,0.000,1.000,2.593,-0.035,0.370,-0.779
"14001",10.000,224.000,98.000,0.500,0.500,1.000,0.000,-1.249,-0.547,0.195,-156.362
"14027",7.000,194.000,58.000,0.600,0.400,0.333,0.667,-0.869,-0.582,0.149,-146.197
"14092",10.000,285.000,155.000,0.600,0.400,0.333,0.667,-0.125,0.156,0.029,128.793
"14100",10.000,227.000,134.000,0.500,0.500,0.250,0.750,1.629,-0.225,0.235,-7.861
"14118",13.000,229.000,133.000,0.500,0.500,0.000,1.000,0.683,-1.491,0.234,-65.384
"14159",15.000,252.000,150.000,0.500,0.500,0.000,1.000,1.785,-0.193,0.257,-6.161
"14175",10.000,192.000,65.000,1.000,0.000,0.600,0.400,-1.093,-1.696,0.288,-122.794
"14266",11.000,200.000,95.000,0.750,0.250,0.250,0.750,0.052,-0.617,0.088,-85.227
"14282",11.000,222.000,104.000,0.167,0.833,0.500,0.500,-1.202,-0.297,0.177,-166.104
"14373",14.000,206.000,136.000,0.667,0.333,0.000,1.000,1.974,-1.126,0.325,-29.698
"14399",6.000,267.000,143.000,0.500,0.500,0.250,0.750,2.808,-0.162,0.402,-3.301
"14449",6.000,203.000,91.000,1.000,0.000,0.500,0.500,-0.764,-0.895,0.168,-130.491
"14464",8.000,197.000,85.000,0.667,0.333,0.600,0.400,-0.990,-1.253,0.228,-128.333
"14506",6.000,183.000,82.000,0.500,0.500,0.500,0.500,-0.644,-1.654,0.254,-111.285
"14522",5.000,191.000,68.000,0.667,0.333,0.400,0.600,-0.787,-1.181,0.203,-123.662
"14548",5.000,217.000,90.000,0.500,0.500,0.500,0.500,-0.217,-0.767,0.114,-105.767
"14563",14.000,205.000,125.000,0.500,0.500,0.333,0.667,0.010,-0.306,0.044,-88.146
"14589",7.000,181.000,91.000,0.400,0.600,0.333,0.667,-0.394,-0.829,0.131,-115.434
"14597",20.000,258.000,180.000,1.000,0.000,0.667,0.333,1.000,-0.408,0.154,-22.194
"14852",6.000,184.000,55.000,0.333,0.667,0.400,0.600,-0.890,-0.990,0.190,-131.949
"14878",5.000,202.000,74.000,1.000,0.000,0.333,0.667,-0.275,-1.687,0.244,-99.259
"15032",12.000,207.000,110.000,0.000,1.000,0.000,1.000,0.999,-1.140,0.216,-48.766
"15057",10.000,221.000,105.000,0.750,0.250,0.500,0.500,0.030,-0.329,0.047,-84.833
"15065",9.000,230.000,132.000,0.500,0.500,0.500,0.500,1.063,-0.396,0.162,-20.435
"15099",13.000,249.000,139.000,0.750,0.250,0.250,0.750,0.280,-0.173,0.047,-31.709
"15115",10.000,210.000,111.000,0.500,0.500,0.250,0.750,1.300,-0.430,0.196,-18.318
"15198",12.000,270.000,163.000,1.000,0.000,0.000,1.000,1.733,-0.059,0.248,-1.965
"15230",4.000,196.000,41.000,0.667,0.333,0.800,0.200,-1.857,-0.828,0.290,-155.970
"15263",20.000,275.000,190.000,1.000,0.000,0.250,0.750,-0.500,-0.752,0.129,-123.614
"15289",5.000,219.000,94.000,0.500,0.500,0.500,0.500,-0.928,-0.942,0.189,-134.574
"15370",12.000,264.000,161.000,1.000,0.000,0.250,0.750,2.050,-0.320,0.296,-8.868
"15396",10.000,218.000,106.000,0.667,0.333,0.200,0.800,-0.486,-0.562,0.106,-130.839
"15420",1.000,197.000,21.000,0.833,0.167,1.000,0.000,-1.645,-0.639,0.252,-158.772
"15438",10.000,218.000,98.000,1.000,0.000,0.200,0.800,0.143,-0.692,0.101,-78.338
"15552",15.000,230.000,148.000,0.333,0.667,0.400,0.600,0.870,-0.665,0.156,-37.389
"15560",12.000,213.000,72.000,0.250,0.750,0.500,0.500,-1.093,-0.822,0.195,-143.048
"15602",5.000,224.000,93.000,1.000,0.000,0.667,0.333,0.626,-0.602,0.124,-43.902
"15636",15.000,223.000,121.000,0.750,0.250,0.500,0.500,0.238,-1.137,0.166,-78.158
"15743",12.000,214.000,95.000,0.500,0.500,0.667,0.333,-0.568,-0.817,0.142,-124.829
"15842",20.000,287.000,178.000,0.750,0.250,0.250,0.750,-1.050,-0.510,0.167,-154.073
"15859",12.000,214.000,114.000,0.333,0.667,0.200,0.800,0.583,-0.471,0.107,-38.912
"15875",10.000,211.000,106.000,1.000,0.000,0.400,0.600,0.017,-0.574,0.082,-88.274
"15958",20.000,285.000,176.000,1.000,0.000,0.400,0.600,-0.100,-0.526,0.077,-100.756
"16121",7.000,204.000,82.000,0.600,0.400,0.000,1.000,-0.305,-0.257,0.057,-139.898
"16147",10.000,215.000,88.000,1.000,0.000,0.800,0.200,-0.023,-0.461,0.066,-92.908
"16220",5.000,228.000,130.000,0.500,0.500,0.250,0.750,1.167,-0.368,0.175,-17.503
"16261",7.000,184.000,83.000,1.000,0.000,0.750,0.250,-0.104,-0.871,0.125,-96.786
"16279",10.000,218.000,86.000,0.000,1.000,0.429,0.571,-1.378,-0.659,0.218,-154.442
"16345",4.000,199.000,21.000,1.000,0.000,1.000,0.000,-2.658,-1.663,0.448,-147.977
"16360",5.000,197.000,53.000,1.000,0.000,0.750,0.250,-0.408,-1.619,0.239,-104.155
"16402",11.000,222.000,118.000,1.000,0.000,0.429,0.571,-0.161,-0.435,0.066,-110.263
"16436",12.000,211.000,106.000,0.667,0.333,0.600,0.400,-0.468,-0.870,0.141,-118.274
"16451",15.000,228.000,132.000,0.400,0.600,0.333,0.667,1.225,-0.491,0.188,-21.842
"16519",12.000,222.000,103.000,1.000,0.000,0.500,0.500,-0.113,-0.533,0.078,-101.949
"16568",10.000,189.000,62.000,1.000,0.000,0.833,0.167,-0.944,-1.435,0.245,-123.341
"16584",2.000,188.000,24.000,0.600,0.400,0.333,0.667,-1.603,-1.291,0.294,-141.165
"16592",8.000,238.000,126.000,0.800,0.200,0.333,0.667,1.384,-0.250,0.201,-10.223
"16600",10.000,251.000,139.000,1.000,0.000,0.500,0.500,1.192,-0.043,0.170,-2.070
"16618",15.000,217.000,113.000,0.333,0.667,0.400,0.600,-0.373,-0.617,0.103,-121.142
"16634",6.000,211.000,81.000,0.667,0.333,0.400,0.600,-0.201,-1.054,0.153,-100.786
"16642",12.000,259.000,161.000,0.750,0.250,0.250,0.750,0.752,-0.110,0.109,-8.283
"16733",20.000,280.000,180.000,1.000,0.000,0.250,0.750,-1.000,-0.752,0.179,-143.051
"16790",10.000,238.000,152.000,1.000,0.000,0.800,0.200,1.195,-0.181,0.173,-8.626
"16832",6.000,184.000,55.000,0.667,0.333,0.600,0.400,-1.474,-1.958,0.350,-126.968
"16907",20.000,274.000,187.000,1.000,0.000,0.250,0.750,0.350,-0.530,0.091,-56.581
"16964",12.000,200.000,112.000,1.000,0.000,0.667,0.333,-0.400,-0.998,0.154,-111.842
"17004",8.000,211.000,89.000,0.333,0.667,0.600,0.400,-0.668,-0.839,0.153,-128.525
"17046",12.000,254.000,157.000,0.500,0.500,0.500,0.500,2.020,-0.067,0.289,-1.902
"17095",20.000,299.000,194.000,1.000,0.000,0.750,0.250,1.745,-0.249,0.252,-8.133
"17103",10.000,261.000,175.000,1.000,0.000,0.333,0.667,0.750,-0.252,0.113,-18.605
"17285",5.000,195.000,38.000,0.000,1.000,0.500,0.500,-2.165,-1.931,0.414,-138.264
"17392",5.000,287.000,165.000,0.800,0.200,0.000,1.000,1.367,0.001,0.195,0.040
"17491",5.000,230.000,118.000,1.000,0.000,0.333,0.667,1.108,-0.541,0.176,-26.035
"17558",4.000,177.000,54.000,1.000,0.000,0.600,0.400,-0.789,-2.468,0.370,-107.736
"17657",15.000,246.000,165.000,0.667,0.333,0.200,0.800,1.500,-0.273,0.218,-10.307
"17715",20.000,280.000,179.000,1.000,0.000,0.250,0.750,0.000,-0.752,0.107,-90.000
"17830",5.000,213.000,69.000,1.000,0.000,0.500,0.500,-0.887,-1.000,0.191,-131.563
"17947",11.000,248.000,154.000,0.500,0.500,0.167,0.833,0.933,-0.100,0.134,-6.133
"17954",5.000,203.000,69.000,0.333,0.667,0.400,0.600,-0.665,-0.917,0.162,-125.958
"18010",2.000,189.000,24.000,1.000,0.000,0.600,0.400,-1.325,-2.600,0.417,-117.007
"18051",15.000,259.000,181.000,1.000,0.000,0.500,0.500,2.267,-0.375,0.328,-9.400
"18077",5.000,216.000,70.000,0.500,0.500,0.400,0.600,-1.263,-0.652,0.203,-152.691
"18093",20.000,284.000,200.000,1.000,0.000,0.000,1.000,0.000,-0.752,0.107,-90.000
"18101",15.000,255.000,142.000,0.250,0.750,0.250,0.750,0.423,-0.439,0.087,-46.064
"18127",20.000,277.000,195.000,1.000,0.000,0.250,0.750,-0.250,-0.752,0.113,-108.386
"18150",10.000,202.000,75.000,0.333,0.667,0.400,0.600,-1.329,-1.260,0.262,-136.535
"18168",5.000,206.000,70.000,0.000,1.000,0.200,0.800,-0.535,-1.671,0.251,-107.741
"18333",5.000,213.000,75.000,0.750,0.250,0.250,0.750,-0.062,-0.593,0.085,-95.936
"18416",12.000,218.000,107.000,1.000,0.000,0.500,0.500,-0.111,-0.404,0.060,-105.395
"18556",10.000,214.000,107.000,0.667,0.333,0.600,0.400,-0.421,-0.596,0.104,-125.275
"18598",20.000,248.000,117.000,0.500,0.500,0.750,0.250,-1.604,-1.107,0.278,-145.376
"18606",15.000,247.000,142.000,1.000,0.000,0.833,0.167,0.671,-0.548,0.124,-39.245
"18754",7.000,236.000,123.000,0.833,0.167,0.000,1.000,1.360,0.167,0.196,6.981
"18770",13.000,240.000,156.000,1.000,0.000,0.667,0.333,1.536,-0.427,0.228,-15.539
"18804",9.000,210.000,108.000,0.333,0.667,0.400,0.600,0.132,-0.515,0.076,-75.587
"18978",10.000,199.000,71.000,0.500,0.500,0.500,0.500,-0.856,-1.628,0.263,-117.718
"19000",12.000,243.000,131.000,0.667,0.333,0.400,0.600,1.235,-0.200,0.179,-9.196
"19026",20.000,284.000,200.000,1.000,0.000,0.000,1.000,0.000,-0.752,0.107,-90.000
"19042",5.000,203.000,55.000,1.000,0.000,1.000,0.000,-1.359,-1.055,0.246,-142.175
"19059",5.000,186.000,92.000,0.250,0.750,0.250,0.750,-0.691,-2.033,0.307,-108.785
"19075",20.000,293.000,183.000,1.000,0.000,0.333,0.667,1.650,-0.428,0.244,-14.552
"19257",5.000,233.000,102.000,1.000,0.000,0.600,0.400,0.382,-0.617,0.104,-58.247
"19265",8.000,233.000,95.000,0.000,1.000,0.500,0.500,-0.973,-0.455,0.153,-154.965
"19398",10.000,243.000,93.000,0.667,0.333,0.500,0.500,-0.531,-0.293,0.087,-151.131
"19455",12.000,248.000,142.000,1.000,0.000,0.000,1.000,0.510,-0.138,0.075,-15.204
"19463",20.000,284.000,200.000,1.000,0.000,0.000,1.000,0.000,-0.752,0.107,-90.000
"19513",4.000,210.000,90.000,0.500,0.500,0.500,0.500,-0.674,-0.384,0.111,-150.297
"19554",5.000,193.000,51.000,0.667,0.333,0.400,0.600,-0.726,-1.886,0.289,-111.046
"19612",20.000,277.000,185.000,1.000,0.000,0.400,0.600,0.250,-0.534,0.084,-64.899
"19653",5.000,187.000,71.000,0.000,1.000,0.750,0.250,-2.202,-1.105,0.352,-153.352
"19745",13.000,211.000,104.000,0.500,0.500,0.250,0.750,-0.255,-1.577,0.228,-99.180
"19802",4.000,202.000,24.000,0.667,0.333,1.000,0.000,-1.692,-0.033,0.242,-178.871
"19935",5.000,186.000,58.000,0.333,0.667,0.400,0.600,-1.868,-2.081,0.400,-131.923
"20131",6.000,245.000,139.000,0.750,0.250,0.500,0.500,2.126,0.049,0.304,1.311
"20321",10.000,249.000,171.000,0.750,0.250,0.250,0.750,0.790,-0.162,0.115,-11.576
"20404",10.000,197.000,46.000,1.000,0.000,0.750,0.250,-2.247,-2.102,0.440,-136.908
"20487",5.000,219.000,94.000,0.667,0.333,0.400,0.600,0.507,-0.697,0.123,-53.962
"20495",10.000,231.000,147.000,1.000,0.000,0.667,0.333,0.834,-0.068,0.120,-4.642
"20594",20.000,275.000,190.000,1.000,0.000,0.250,0.750,-0.500,-0.752,0.129,-123.614
"20677",12.000,236.000,127.000,1.000,0.000,0.400,0.600,1.271,-0.469,0.194,-20.256
"20735",10.000,207.000,95.000,0.500,0.500,0.500,0.500,-0.221,-0.544,0.084,-112.085
"20743",3.000,192.000,28.000,1.000,0.000,0.800,0.200,-1.992,-2.811,0.492,-125.316
"20784",10.000,217.000,98.000,1.000,0.000,0.400,0.600,0.511,-0.249,0.081,-25.986
"20818",2.000,195.000,26.000,0.000,1.000,0.500,0.500,-1.750,-1.659,0.344,-136.528
"20826",20.000,291.000,185.000,0.667,0.333,0.000,1.000,1.750,-0.351,0.255,-11.334
"20933",10.000,279.000,178.000,1.000,0.000,0.000,1.000,1.833,0.059,0.262,1.842
"21006",5.000,199.000,51.000,0.667,0.333,0.600,0.400,-1.124,-1.472,0.265,-127.350
"21030",10.000,194.000,58.000,1.000,0.000,1.000,0.000,-1.377,-1.493,0.290,-132.677
"21063",13.000,217.000,112.000,0.000,1.000,0.571,0.429,-0.804,-0.668,0.149,-140.261
"21071",8.000,218.000,98.000,0.500,0.500,0.250,0.750,-0.057,-0.486,0.070,-96.710
"21089",4.000,233.000,113.000,1.000,0.000,0.333,0.667,2.377,-0.039,0.340,-0.949
"21147",7.000,188.000,77.000,1.000,0.000,1.000,0.000,-0.569,-1.249,0.196,-114.500
"21238",14.000,207.000,121.000,0.500,0.500,0.500,0.500,0.101,-0.157,0.027,-57.209
"21287",6.000,193.000,45.000,0.333,0.667,0.500,0.500,-2.110,-1.951,0.411,-137.233
"21303",15.000,219.000,99.000,1.000,0.000,0.750,0.250,-0.569,-0.857,0.147,-123.600
"21352",10.000,263.000,165.000,1.000,0.000,0.333,0.667,1.767,-0.193,0.254,-6.245
"21394",3.000,195.000,75.000,0.000,1.000,1.000,0.000,-2.600,-0.544,0.379,-168.191
"21436",11.000,214.000,115.000,0.400,0.600,0.333,0.667,-0.026,-0.319,0.046,-94.701
"21600",5.000,204.000,50.000,1.000,0.000,0.667,0.333,-1.588,-1.432,0.305,-137.939
"21634",15.000,205.000,51.000,0.667,0.333,0.400,0.600,-1.781,-1.324,0.317,-143.375
"21659",11.000,211.000,92.000,0.333,0.667,0.667,0.333,-1.554,-0.558,0.236,-160.262
"21691",18.000,212.000,108.000,1.000,0.000,1.000,0.000,-2.167,-1.246,0.357,-150.101
"21717",10.000,202.000,100.000,0.500,0.500,0.500,0.500,0.000,-0.734,0.105,-90.000
"21733",2.000,195.000,20.000,0.500,0.500,1.000,0.000,-2.675,-2.642,0.537,-135.364
"21741",20.000,280.000,180.000,1.000,0.000,0.250,0.750,-1.000,-0.752,0.179,-143.051
"21758",20.000,284.000,200.000,1.000,0.000,0.000,1.000,0.000,-0.752,0.107,-90.000
"21816",10.000,196.000,53.000,0.667,0.333,1.000,0.000,-2.242,-1.012,0.351,-155.714
"21931",12.000,202.000,50.000,1.000,0.000,0.750,0.250,-2.201,-1.968,0.422,-138.191
"22020",20.000,284.000,200.000,1.000,0.000,0.000,1.000,0.000,-0.752,0.107,-90.000
"22053",14.000,221.000,126.000,0.750,0.250,0.500,0.500,-0.143,-0.264,0.043,-118.436
"22129",12.000,196.000,98.000,0.500,0.500,0.500,0.500,-0.075,-1.067,0.153,-94.006
"22152",10.000,270.000,162.000,0.750,0.250,0.250,0.750,-0.012,-0.188,0.027,-93.809
"22160",10.000,244.000,160.000,0.750,0.250,0.500,0.500,2.816,-0.138,0.403,-2.798
"22186",15.000,206.000,114.000,0.750,0.250,0.500,0.500,-0.038,-0.882,0.126,-92.442
"22202",12.000,252.000,139.000,1.000,0.000,0.250,0.750,0.410,-0.150,0.062,-20.057
"22236",14.000,237.000,144.000,1.000,0.000,0.600,0.400,1.213,-0.268,0.177,-12.480
"22277",5.000,221.000,124.000,0.500,0.500,0.000,1.000,0.800,-0.402,0.128,-26.703
"22335",6.000,200.000,60.000,1.000,0.000,0.800,0.200,-1.776,-1.608,0.342,-137.841
"22418",10.000,206.000,109.000,1.000,0.000,0.333,0.667,-0.022,-0.519,0.074,-92.453
"22442",9.000,203.000,99.000,0.667,0.333,0.400,0.600,0.366,-1.176,0.176,-72.731
"22467",17.000,229.000,129.000,0.333,0.667,0.400,0.600,-0.554,-0.430,0.100,-142.170
"22525",11.000,237.000,136.000,0.667,0.333,0.600,0.400,0.906,-0.472,0.146,-27.513
"22558",12.000,233.000,132.000,0.500,0.500,0.500,0.500,0.557,-0.301,0.090,-28.403
"22566",15.000,230.000,145.000,0.333,0.667,0.400,0.600,1.414,-0.437,0.211,-17.189
"22640",20.000,284.000,200.000,1.000,0.000,0.000,1.000,0.000,-0.752,0.107,-90.000
"22715",10.000,215.000,107.000,0.667,0.333,0.800,0.200,-0.069,-0.341,0.050,-101.520
"22723",5.000,206.000,41.000,0.600,0.400,0.333,0.667,-1.422,-0.837,0.236,-149.525
"22822",15.000,206.000,65.000,NaN,NaN,1.000,0.000,-2.667,-1.250,0.421,-154.885
"22830",8.000,230.000,125.000,1.000,0.000,0.750,0.250,1.663,-0.283,0.241,-9.649
"22863",5.000,233.000,117.000,0.400,0.600,0.333,0.667,0.969,-0.243,0.143,-14.057
"22871",5.000,201.000,109.000,0.333,0.667,0.333,0.667,-0.633,0.015,0.091,178.673
"22889",20.000,284.000,200.000,1.000,0.000,0.000,1.000,0.000,-0.752,0.107,-90.000
"22897",6.000,192.000,48.000,0.400,0.600,0.000,1.000,-0.650,-1.010,0.172,-122.779
"22905",11.000,235.000,116.000,0.333,0.667,0.400,0.600,0.065,-0.271,0.040,-76.441
"22913",20.000,266.000,185.000,0.750,0.250,0.250,0.750,1.250,-0.490,0.192,-21.395
"22996",8.000,222.000,124.000,1.000,0.000,0.500,0.500,1.786,-0.317,0.259,-10.082
"23077",5.000,210.000,83.000,1.000,0.000,0.600,0.400,0.137,-1.286,0.185,-83.924
"23150",20.000,280.000,180.000,1.000,0.000,0.250,0.750,-1.000,-0.752,0.179,-143.051
"23168",10.000,216.000,115.000,0.667,0.333,0.600,0.400,0.783,-0.528,0.135,-34.012
"23176",5.000,204.000,81.000,0.500,0.500,0.500,0.500,-0.362,-1.153,0.173,-107.424
"23192",20.000,287.000,188.000,0.500,0.500,0.250,0.750,0.011,-0.284,0.041,-87.757
"23218",19.000,266.000,189.000,1.000,0.000,0.500,0.500,-0.500,-0.420,0.093,-139.941
"23275",12.000,225.000,108.000,0.500,0.500,0.250,0.750,-0.015,-0.540,0.077,-91.630
"23283",10.000,246.000,145.000,1.000,0.000,1.000,0.000,1.000,-0.263,0.148,-14.715
"23317",13.000,224.000,124.000,0.333,0.667,0.200,0.800,0.378,-0.290,0.068,-37.565
"23341",15.000,259.000,160.000,0.750,0.250,0.250,0.750,2.750,-0.253,0.395,-5.259
"23390",10.000,201.000,86.000,0.667,0.333,0.600,0.400,-0.611,-0.745,0.138,-129.383
"23416",18.000,269.000,186.000,0.750,0.250,0.500,0.500,3.239,-0.201,0.464,-3.550
"23499",5.000,213.000,90.000,1.000,0.000,0.200,0.800,0.187,-0.646,0.096,-73.843
"23523",5.000,242.000,122.000,0.500,0.500,0.500,0.500,0.958,-0.333,0.145,-19.174
"23531",10.000,210.000,106.000,0.750,0.250,0.500,0.500,0.142,-0.894,0.129,-80.991
"23580",10.000,206.000,84.000,0.333,0.667,0.600,0.400,-0.330,-0.686,0.109,-115.712
"23648",5.000,198.000,42.000,0.000,1.000,0.200,0.800,-1.497,-1.981,0.355,-127.075
"23713",7.000,197.000,36.000,0.333,0.667,1.000,0.000,-2.769,-0.418,0.400,-171.421
"23747",5.000,215.000,80.000,0.333,0.667,0.400,0.600,-0.597,-0.683,0.130,-131.163
"23762",5.000,191.000,73.000,0.333,0.667,0.400,0.600,-0.712,-1.342,0.217,-117.966
"23838",8.000,240.000,148.000,0.500,0.500,0.250,0.750,0.917,-0.372,0.141,-22.088
"23986",13.000,228.000,137.000,0.333,0.667,0.400,0.600,0.450,-0.511,0.097,-48.606
"24059",9.000,257.000,153.000,0.667,0.333,0.200,0.800,2.235,-0.012,0.319,-0.317
"24067",10.000,206.000,100.000,0.500,0.500,0.000,1.000,0.532,-0.754,0.132,-54.796
"24091",5.000,255.000,135.000,1.000,0.000,0.400,0.600,1.525,-0.285,0.222,-10.583
"24125",8.000,220.000,120.000,1.000,0.000,0.600,0.400,1.433,-0.663,0.226,-24.830
"24190",5.000,251.000,148.000,0.750,0.250,0.000,1.000,2.722,-0.345,0.392,-7.215
"24216",5.000,202.000,64.000,0.667,0.333,0.600,0.400,-0.804,-0.892,0.172,-132.037
"24224",4.000,189.000,39.000,0.333,0.667,0.600,0.400,-1.411,-1.919,0.340,-126.327
"24281",5.000,195.000,71.000,0.333,0.667,0.400,0.600,-0.926,-1.215,0.218,-127.301
"24307",5.000,228.000,90.000,0.750,0.250,0.250,0.750,0.981,-0.349,0.149,-19.614
"24349",10.000,204.000,65.000,1.000,0.000,0.500,0.500,-1.167,-0.676,0.193,-149.926
"24356",4.000,195.000,43.000,0.500,0.500,0.500,0.500,-1.335,-0.883,0.229,-146.514
"24406",10.000,266.000,143.000,0.750,0.250,0.000,1.000,1.494,0.045,0.214,1.723
"24414",10.000,207.000,105.000,0.667,0.333,0.400,0.600,0.059,-0.629,0.090,-84.665
"24430",5.000,210.000,84.000,0.500,0.500,0.667,0.333,0.032,-0.446,0.064,-85.889
"24463",7.000,201.000,95.000,1.000,0.000,0.600,0.400,0.148,-0.450,0.068,-71.753
"24471",1.000,187.000,49.000,0.750,0.250,0.250,0.750,-0.221,-0.773,0.115,-105.948
"24489",12.000,258.000,164.000,0.800,0.200,0.333,0.667,2.214,-0.110,0.317,-2.841
"24604",20.000,277.000,145.000,0.667,0.333,0.250,0.750,-1.750,-0.319,0.254,-169.675
"24711",4.000,181.000,48.000,1.000,0.000,0.800,0.200,-1.190,-2.036,0.337,-120.311
"24752",15.000,218.000,135.000,0.250,0.750,0.250,0.750,1.236,-0.965,0.224,-37.982
"24828",10.000,260.000,172.000,1.000,0.000,0.250,0.750,0.986,-0.237,0.145,-13.544
"24836",20.000,297.000,191.000,0.750,0.250,0.500,0.500,2.483,-0.300,0.357,-6.887
"24844",10.000,205.000,80.000,0.500,0.500,0.500,0.500,-0.165,-0.719,0.105,-102.932
"24851",15.000,257.000,160.000,0.333,0.667,0.200,0.800,2.000,-0.423,0.292,-11.941
"24885",5.000,205.000,62.000,1.000,0.000,0.667,0.333,-1.297,-1.547,0.288,-129.973
"24927",5.000,208.000,94.000,0.333,0.667,0.600,0.400,-0.360,-0.676,0.109,-118.002
"24935",15.000,245.000,124.000,0.667,0.333,0.500,0.500,-0.725,-0.270,0.111,-159.572
"24943",12.000,191.000,85.000,0.500,0.500,0.667,0.333,-0.693,-1.545,0.242,-114.164
"24976",10.000,213.000,113.000,0.500,0.500,0.500,0.500,0.333,-0.740,0.116,-65.759
"25007",15.000,217.000,114.000,0.667,0.333,0.800,0.200,-0.257,-0.783,0.118,-108.179
"25064",3.000,194.000,26.000,0.800,0.200,1.000,0.000,-1.968,-0.708,0.299,-160.201
"25072",10.000,183.000,72.000,0.250,0.750,0.250,0.750,-1.580,-1.646,0.326,-133.832
"25098",15.000,203.000,75.000,0.000,1.000,1.000,0.000,-3.033,-0.753,0.446,-166.065
"25148",7.000,184.000,66.000,0.667,0.333,0.200,0.800,-0.268,-1.317,0.192,-101.522
"25262",7.000,193.000,81.000,0.667,0.333,0.400,0.600,-0.218,-1.005,0.147,-102.218
"25338",10.000,209.000,111.000,0.750,0.250,0.500,0.500,-0.419,-0.627,0.108,-123.746
"25353",12.000,213.000,112.000,0.750,0.250,0.750,0.250,-0.213,-0.556,0.085,-110.952
"25387",1.000,198.000,21.000,1.000,0.000,1.000,0.000,-2.226,-1.402,0.376,-147.807
"25395",13.000,203.000,103.000,0.500,0.500,0.667,0.333,-0.425,-0.289,0.073,-145.832
"25403",4.000,199.000,46.000,1.000,0.000,0.750,0.250,-1.482,-1.117,0.265,-143.009
"25445",10.000,208.000,101.000,0.750,0.250,0.500,0.500,-0.381,-0.546,0.095,-124.913
"25460",3.000,195.000,42.000,1.000,0.000,0.667,0.333,-1.368,-0.969,0.240,-144.682
"25502",10.000,203.000,60.000,0.000,1.000,0.333,0.667,-2.098,-1.103,0.339,-152.270
"25510",10.000,195.000,83.000,0.333,0.667,0.200,0.800,-0.014,-1.312,0.187,-90.624
"25544",7.000,203.000,97.000,0.667,0.333,0.600,0.400,0.175,-0.675,0.100,-75.480
"25569",10.000,269.000,170.000,1.000,0.000,0.000,1.000,1.986,-0.157,0.285,-4.515
"25619",7.000,185.000,67.000,0.667,0.333,0.400,0.600,-0.615,-1.713,0.260,-109.744
"25684",10.000,235.000,136.000,0.500,0.500,0.250,0.750,1.783,-0.375,0.260,-11.870
"25742",10.000,257.000,163.000,1.000,0.000,0.500,0.500,2.036,0.075,0.291,2.105
"25890",10.000,242.000,142.000,1.000,0.000,0.250,0.750,0.521,-0.087,0.075,-9.492
"26005",10.000,209.000,125.000,0.500,0.500,1.000,0.000,-1.083,-0.531,0.172,-153.882
"26047",7.000,183.000,63.000,0.500,0.500,0.333,0.667,-1.115,-2.490,0.390,-114.115
"26138",6.000,204.000,56.000,0.333,0.667,0.600,0.400,-1.228,-1.879,0.321,-123.154
"26153",4.000,189.000,44.000,0.800,0.200,0.333,0.667,-0.878,-1.116,0.203,-128.174
"26161",11.000,211.000,84.000,1.000,0.000,0.800,0.200,-0.103,-0.564,0.082,-100.365
"26328",4.000,206.000,111.000,0.500,0.500,0.250,0.750,2.158,-0.503,0.317,-13.130
"26351",12.000,235.000,133.000,0.667,0.333,0.600,0.400,0.305,-0.531,0.088,-60.130
"26401",11.000,258.000,150.000,0.750,0.250,0.250,0.750,1.161,-0.005,0.166,-0.260
"26476",15.000,215.000,140.000,0.667,0.333,0.400,0.600,0.933,-0.486,0.150,-27.523
"26500",8.000,207.000,77.000,1.000,0.000,0.333,0.667,-0.104,-0.690,0.100,-98.581
"26518",2.000,176.000,54.000,0.667,0.333,0.600,0.400,-0.255,-2.828,0.406,-95.144
"26526",8.000,252.000,133.000,1.000,0.000,0.500,0.500,1.764,-0.137,0.253,-4.435
"26625",8.000,199.000,72.000,1.000,0.000,0.571,0.429,-1.225,-1.439,0.270,-130.415
"26633",5.000,205.000,57.000,1.000,0.000,0.600,0.400,-0.849,-1.253,0.216,-124.122
"26690",5.000,242.000,109.000,0.600,0.400,0.333,0.667,1.894,-0.638,0.286,-18.628
"26724",2.000,189.000,28.000,0.667,0.333,0.600,0.400,-1.502,-1.989,0.356,-127.064
"26740",15.000,268.000,173.000,0.800,0.200,0.333,0.667,2.400,-0.129,0.343,-3.066
"26807",6.000,201.000,52.000,1.000,0.000,0.800,0.200,-1.787,-0.375,0.261,-168.148
"26815",15.000,209.000,134.000,0.333,0.667,0.600,0.400,-0.086,-1.049,0.150,-94.676
"26948",10.000,189.000,61.000,0.500,0.500,0.750,0.250,-1.731,-1.375,0.316,-141.540
"26997",10.000,233.000,124.000,0.000,1.000,0.200,0.800,0.360,-0.222,0.060,-31.679
"27029",10.000,219.000,90.000,0.667,0.333,0.600,0.400,-0.579,-0.549,0.114,-136.509
"27102",4.000,183.000,50.000,1.000,0.000,0.600,0.400,-0.917,-1.781,0.286,-117.233
"27169",5.000,216.000,80.000,1.000,0.000,0.600,0.400,-0.264,-0.539,0.086,-116.095
"27300",6.000,214.000,82.000,0.667,0.333,0.400,0.600,-0.237,-0.545,0.085,-113.464
"27326",5.000,189.000,66.000,0.667,0.333,0.600,0.400,-1.308,-1.328,0.266,-134.577
"27334",10.000,197.000,95.000,0.333,0.667,0.600,0.400,-0.579,-0.870,0.149,-123.626
"27433",17.000,267.000,195.000,1.000,0.000,0.333,0.667,-0.100,-0.305,0.046,-108.125
"27490",10.000,190.000,87.000,0.250,0.750,0.500,0.500,-1.217,-1.704,0.299,-125.532
"27664",3.000,184.000,58.000,0.000,1.000,0.500,0.500,-1.484,-2.641,0.433,-119.335
"27698",5.000,218.000,62.000,0.000,1.000,0.500,0.500,-2.187,-1.397,0.371,-147.436
"27722",11.000,279.000,155.000,1.000,0.000,0.000,1.000,2.718,0.007,0.388,0.140
"27797",5.000,195.000,61.000,0.333,0.667,0.200,0.800,-0.606,-1.485,0.229,-112.205
"27813",5.000,186.000,77.000,0.500,0.500,0.500,0.500,-0.967,-1.389,0.242,-124.843
"27847",19.000,275.000,199.000,1.000,0.000,0.000,1.000,0.000,-0.420,0.060,-90.000
"27862",5.000,189.000,83.000,0.333,0.667,0.400,0.600,-0.342,-1.439,0.211,-103.354
"28043",7.000,201.000,96.000,0.667,0.333,0.600,0.400,0.097,-0.614,0.089,-81.027
"28076",5.000,255.000,137.000,1.000,0.000,0.000,1.000,2.410,-0.147,0.345,-3.498
"28092",18.000,274.000,188.000,1.000,0.000,0.500,0.500,-0.500,-0.168,0.075,-161.468
"28142",10.000,181.000,81.000,0.333,0.667,0.600,0.400,-1.388,-2.423,0.399,-119.812
"28399",10.000,209.000,109.000,1.000,0.000,0.500,0.500,-0.063,-0.437,0.063,-98.215
"28431",9.000,258.000,148.000,1.000,0.000,0.200,0.800,1.648,0.103,0.236,3.559
"28480",10.000,217.000,102.000,0.667,0.333,0.400,0.600,-0.376,-0.651,0.107,-120.032
"28571",15.000,216.000,133.000,1.000,0.000,0.500,0.500,-0.048,-0.823,0.118,-93.302
"28647",12.000,263.000,157.000,1.000,0.000,0.667,0.333,1.344,-0.063,0.192,-2.702
"28670",10.000,231.000,155.000,0.750,0.250,0.500,0.500,2.217,-0.341,0.320,-8.758
"28704",12.000,265.000,176.000,1.000,0.000,0.333,0.667,1.000,-0.293,0.149,-16.337
"28738",10.000,227.000,110.000,0.500,0.500,0.250,0.750,0.295,-0.325,0.063,-47.742
"28746",10.000,210.000,94.000,1.000,0.000,0.667,0.333,-0.800,-0.486,0.134,-148.733
"28787",5.000,201.000,40.000,1.000,0.000,1.000,0.000,-2.248,-1.016,0.352,-155.681
"28829",7.000,199.000,79.000,1.000,0.000,0.571,0.429,-0.619,-0.706,0.134,-131.247
"29298",11.000,281.000,157.000,1.000,0.000,0.000,1.000,2.560,0.031,0.366,0.695
"29447",10.000,284.000,179.000,1.000,0.000,0.000,1.000,1.714,0.059,0.245,1.975
"29520",15.000,224.000,123.000,1.000,0.000,0.750,0.250,-0.150,-0.461,0.069,-108.008
"29538",15.000,257.000,165.000,1.000,0.000,0.800,0.200,1.371,-0.286,0.200,-11.773
"29629",20.000,284.000,200.000,1.000,0.000,0.000,1.000,0.000,-0.752,0.107,-90.000
"29637",20.000,280.000,180.000,1.000,0.000,0.250,0.750,-1.000,-0.752,0.179,-143.051
"29660",10.000,203.000,91.000,0.500,0.500,0.750,0.250,-0.675,-0.446,0.116,-146.538
"29801",20.000,271.000,144.000,0.667,0.333,0.600,0.400,0.950,-0.350,0.145,-20.250
"29850",6.000,180.000,62.000,0.000,1.000,0.571,0.429,-1.044,-1.789,0.296,-120.264
"29934",20.000,264.000,164.000,1.000,0.000,0.400,0.600,0.283,-0.370,0.067,-52.545
"30122",11.000,219.000,110.000,0.500,0.500,0.500,0.500,-0.231,-0.435,0.070,-117.945
"30148",14.000,190.000,78.000,1.000,0.000,0.500,0.500,-0.426,-1.243,0.188,-108.924
"30163",5.000,203.000,81.000,1.000,0.000,0.333,0.667,0.211,-1.171,0.170,-79.812
"30197",10.000,241.000,139.000,0.500,0.500,0.250,0.750,1.545,-0.127,0.221,-4.694
"30213",15.000,246.000,165.000,1.000,0.000,0.500,0.500,0.333,-0.322,0.066,-43.970
"30262",5.000,240.000,114.000,1.000,0.000,0.250,0.750,3.058,-0.305,0.439,-5.704
"30353",13.000,247.000,152.000,0.250,0.750,0.000,1.000,1.070,-0.069,0.153,-3.705
"30577",8.000,184.000,76.000,0.333,0.667,0.200,0.800,-0.559,-1.356,0.209,-112.399
"30593",15.000,207.000,85.000,1.000,0.000,1.000,0.000,-2.521,-1.216,0.400,-154.258
"30601",2.000,198.000,9.000,1.000,0.000,1.000,0.000,-2.000,-1.333,0.343,-146.310
"30643",10.000,202.000,32.000,0.500,0.500,0.667,0.333,-2.747,-1.152,0.426,-157.244
"30775",5.000,241.000,108.000,1.000,0.000,0.400,0.600,0.372,-0.685,0.111,-61.495
"30809",6.000,217.000,102.000,0.600,0.400,0.333,0.667,0.944,-0.292,0.141,-17.201
"30825",3.000,188.000,31.000,0.750,0.250,0.500,0.500,-1.568,-1.210,0.283,-142.345
"30833",5.000,218.000,49.000,0.000,1.000,0.500,0.500,-2.844,-0.197,0.407,-176.032
"30924",12.000,205.000,103.000,0.200,0.800,0.000,1.000,-0.306,-0.644,0.102,-115.386
"30973",5.000,203.000,73.000,0.000,1.000,0.200,0.800,-0.659,-0.742,0.142,-131.604
"30999",4.000,194.000,42.000,1.000,0.000,1.000,0.000,-0.749,-0.706,0.147,-136.677
"31013",20.000,288.000,199.000,0.750,0.250,0.000,1.000,0.950,-0.481,0.152,-26.861
"31070",5.000,219.000,102.000,0.500,0.500,0.167,0.833,0.461,-0.578,0.106,-51.428
"31088",10.000,212.000,95.000,0.500,0.500,0.500,0.500,-0.418,-0.522,0.096,-128.703
"31104",6.000,204.000,89.000,0.500,0.500,0.500,0.500,-0.512,-0.578,0.110,-131.576
"31112",13.000,198.000,129.000,0.667,0.333,0.667,0.333,0.769,-0.728,0.151,-43.436
"31179",5.000,214.000,103.000,0.500,0.500,0.333,0.667,-0.080,-0.679,0.098,-96.703
"31229",10.000,179.000,80.000,1.000,0.000,0.800,0.200,-0.985,-1.978,0.316,-116.457
"31237",15.000,274.000,167.000,1.000,0.000,0.333,0.667,0.400,-0.332,0.074,-39.675
"31278",4.000,210.000,15.000,NaN,NaN,1.000,0.000,-1.000,-0.200,0.146,-168.690
"31310",15.000,203.000,83.000,0.333,0.667,0.667,0.333,-2.361,-0.580,0.347,-166.208
"31377",10.000,213.000,96.000,0.750,0.250,0.250,0.750,0.441,-0.461,0.091,-46.295
"31401",4.000,185.000,87.000,0.250,0.750,0.250,0.750,-0.060,-1.005,0.144,-93.424
"31526",10.000,209.000,104.000,0.333,0.667,0.500,0.500,-1.305,-1.204,0.254,-137.290
"31534",10.000,206.000,96.000,1.000,0.000,0.600,0.400,-0.075,-0.746,0.107,-95.759
"31542",12.000,237.000,123.000,1.000,0.000,0.667,0.333,0.186,-0.239,0.043,-52.160
"31559",14.000,207.000,101.000,1.000,0.000,0.800,0.200,-0.328,-0.548,0.091,-120.873
"31674",13.000,244.000,154.000,1.000,0.000,0.250,0.750,0.550,-0.056,0.079,-5.833
"31724",4.000,196.000,25.000,1.000,0.000,0.750,0.250,-2.236,-1.756,0.406,-141.859
"31765",0.000,243.000,81.000,0.333,0.667,0.500,0.500,-0.473,-0.682,0.119,-124.731
"31856",7.000,212.000,118.000,0.800,0.200,0.333,0.667,1.597,-0.055,0.228,-1.956
"31880",2.000,199.000,5.000,NaN,NaN,1.000,0.000,-2.000,-2.000,0.404,-135.000
"31906",15.000,210.000,136.000,0.000,1.000,0.750,0.250,-1.555,-0.904,0.257,-149.812
"31922",5.000,197.000,66.000,0.000,1.000,0.500,0.500,-1.831,-1.057,0.302,-149.987
"31971",15.000,204.000,80.000,1.000,0.000,0.800,0.200,-1.361,-1.436,0.283,-133.457
"31997",12.000,244.000,131.000,0.500,0.500,0.250,0.750,0.782,-0.153,0.114,-11.041
"32003",10.000,195.000,96.000,1.000,0.000,0.400,0.600,0.610,-1.093,0.179,-60.834
"32052",11.000,219.000,126.000,0.333,0.667,0.200,0.800,1.272,-0.996,0.231,-38.044
"32078",20.000,213.000,111.000,0.500,0.500,1.000,0.000,-2.333,-1.387,0.388,-149.266
"32110",3.000,190.000,26.000,0.000,1.000,0.750,0.250,-3.925,-2.167,0.641,-151.103
"32128",5.000,215.000,78.000,1.000,0.000,0.429,0.571,-1.056,-1.014,0.209,-136.141
"32151",5.000,194.000,57.000,0.333,0.667,0.400,0.600,-1.057,-1.813,0.300,-120.235
"32177",20.000,280.000,180.000,1.000,0.000,0.250,0.750,-1.000,-0.752,0.179,-143.051
"32193",1.000,197.000,29.000,0.833,0.167,0.500,0.500,-0.742,-0.262,0.112,-160.585
"32250",20.000,235.000,134.000,0.333,0.667,0.200,0.800,1.650,-0.745,0.259,-24.291
"32359",5.000,201.000,79.000,0.750,0.250,0.750,0.250,-0.391,-0.933,0.145,-112.759
"32367",5.000,190.000,48.000,1.000,0.000,0.571,0.429,-1.316,-1.529,0.288,-130.720
"32391",11.000,211.000,115.000,0.500,0.500,0.500,0.500,0.041,-0.557,0.080,-85.834
"32417",3.000,186.000,35.000,0.667,0.333,0.800,0.200,-1.667,-2.217,0.396,-126.948
"32458",9.000,207.000,90.000,0.333,0.667,0.600,0.400,-0.367,-0.453,0.083,-128.990
"32524",20.000,284.000,200.000,1.000,0.000,0.000,1.000,0.000,-0.752,0.107,-90.000
"32581",5.000,220.000,81.000,1.000,0.000,0.400,0.600,-0.856,-0.926,0.180,-132.762
"32664",10.000,227.000,132.000,1.000,0.000,0.600,0.400,1.172,-0.382,0.176,-18.060
"32672",6.000,186.000,58.000,0.400,0.600,0.333,0.667,-0.763,-1.555,0.247,-116.147
"32862",20.000,215.000,99.000,0.333,0.667,0.400,0.600,-0.450,-1.716,0.253,-104.682
"33035",5.000,202.000,75.000,0.667,0.333,1.000,0.000,-1.516,-1.043,0.263,-145.491
"33050",12.000,226.000,116.000,0.500,0.500,0.333,0.667,1.605,-1.102,0.278,-34.474
"33092",5.000,204.000,39.000,1.000,0.000,0.500,0.500,-1.767,-1.532,0.334,-139.074
"33100",3.000,182.000,49.000,0.667,0.333,0.800,0.200,-1.952,-1.824,0.382,-136.947
"33134",6.000,175.000,62.000,0.250,0.750,0.250,0.750,-1.111,-2.132,0.343,-117.525
"33183",10.000,203.000,94.000,0.667,0.333,0.600,0.400,-0.388,-0.710,0.116,-118.639
"33217",10.000,238.000,140.000,1.000,0.000,1.000,0.000,1.237,-0.122,0.178,-5.635
"33316",10.000,210.000,108.000,0.667,0.333,0.600,0.400,-0.252,-0.494,0.079,-116.966
"33407",10.000,195.000,82.000,0.500,0.500,0.667,0.333,-1.457,-2.406,0.402,-121.201
"33431",5.000,205.000,55.000,0.750,0.250,0.500,0.500,-1.181,-0.640,0.192,-151.544
"33449",5.000,249.000,127.000,1.000,0.000,0.400,0.600,2.481,-0.174,0.355,-4.010
"33464",20.000,208.000,48.000,0.500,0.500,0.500,0.500,-0.989,-0.668,0.170,-145.957
"33522",10.000,204.000,102.000,1.000,0.000,0.800,0.200,-0.003,-0.604,0.086,-90.328
"33530",11.000,262.000,158.000,1.000,0.000,0.250,0.750,0.912,-0.250,0.135,-15.300
"33639",4.000,192.000,52.000,0.667,0.333,0.600,0.400,-1.978,-1.173,0.328,-149.323
"33753",5.000,199.000,62.000,0.333,0.667,0.400,0.600,-1.101,-2.085,0.337,-117.837
"33803",12.000,244.000,136.000,0.800,0.200,0.333,0.667,1.783,-0.172,0.256,-5.521
"33829",15.000,201.000,56.000,0.500,0.500,0.667,0.333,-2.188,-1.197,0.356,-151.313
"33845",10.000,200.000,88.000,0.750,0.250,0.500,0.500,0.383,-1.668,0.244,-77.057
"33894",18.000,253.000,165.000,0.800,0.200,0.333,0.667,0.754,0.032,0.108,2.443
"34025",10.000,279.000,178.000,1.000,0.000,0.000,1.000,1.833,0.059,0.262,1.842
"34033",15.000,209.000,98.000,0.250,0.750,0.250,0.750,0.009,-0.871,0.124,-89.402
"34041",12.000,215.000,47.000,0.800,0.200,1.000,0.000,-1.697,-0.426,0.250,-165.919
"34132",12.000,230.000,121.000,0.000,1.000,0.500,0.500,-0.156,-0.507,0.076,-107.100
"34199",12.000,214.000,103.000,0.333,0.667,0.400,0.600,-0.205,-0.528,0.081,-111.222
"34207",5.000,201.000,51.000,0.667,0.333,0.400,0.600,-0.400,-1.124,0.170,-109.592
"34272",18.000,266.000,173.000,0.500,0.500,0.500,0.500,0.516,-0.277,0.084,-28.228
"34280",10.000,207.000,82.000,0.667,0.333,0.800,0.200,-2.381,-0.642,0.352,-164.919
"34314",12.000,229.000,139.000,0.500,0.500,0.750,0.250,0.892,-0.192,0.130,-12.150
"34421",8.000,223.000,103.000,1.000,0.000,0.400,0.600,0.227,-0.399,0.066,-60.389
"34470",20.000,230.000,115.000,0.500,0.500,0.500,0.500,-0.944,-1.255,0.224,-126.973
"34520",2.000,190.000,29.000,1.000,0.000,0.400,0.600,-1.411,-2.721,0.438,-117.405
"34538",7.000,177.000,76.000,0.500,0.500,0.750,0.250,-1.187,-1.364,0.258,-131.026
"34629",5.000,212.000,75.000,1.000,0.000,0.833,0.167,-1.216,-1.193,0.243,-135.558
"34686",10.000,218.000,127.000,0.333,0.667,0.400,0.600,0.105,-0.558,0.081,-79.389
"34736",11.000,211.000,92.000,0.250,0.750,0.500,0.500,-1.074,-1.131,0.223,-133.502
"34744",5.000,242.000,145.000,0.333,0.667,0.200,0.800,2.456,-0.570,0.360,-13.072
"34843",7.000,212.000,122.000,0.400,0.600,0.333,0.667,1.328,-0.136,0.191,-5.850
"34884",10.000,208.000,107.000,0.000,1.000,0.250,0.750,0.311,-0.961,0.144,-72.050
"34918",5.000,194.000,59.000,0.000,1.000,0.667,0.333,-1.742,-0.942,0.283,-151.599
"34983",14.000,234.000,153.000,0.833,0.167,1.000,0.000,0.738,0.123,0.107,9.440
"35097",10.000,182.000,89.000,0.333,0.667,0.667,0.333,-2.167,-1.075,0.346,-153.612
"35212",12.000,224.000,110.000,1.000,0.000,0.800,0.200,-1.001,-0.609,0.167,-148.676
"35311",15.000,238.000,161.000,0.800,0.200,0.667,0.333,1.505,-0.214,0.217,-8.094
"35337",14.000,221.000,109.000,0.750,0.250,0.750,0.250,-1.044,-1.117,0.218,-133.086
"35352",11.000,251.000,141.000,0.750,0.250,0.750,0.250,0.718,-0.084,0.103,-6.651
"35428",10.000,206.000,100.000,1.000,0.000,0.000,1.000,0.000,-0.700,0.100,-90.000
"35451",5.000,205.000,63.000,0.500,0.500,0.000,1.000,-0.342,-0.635,0.103,-118.280
"35477",5.000,202.000,44.000,0.667,0.333,0.600,0.400,-0.800,-1.129,0.198,-125.301
"35485",8.000,190.000,67.000,0.000,1.000,0.500,0.500,-1.375,-1.769,0.320,-127.854
"35501",6.000,199.000,41.000,0.333,0.667,0.400,0.600,-2.354,-1.245,0.380,-152.129
"35535",5.000,220.000,87.000,0.333,0.667,0.400,0.600,0.212,-0.948,0.139,-77.372
"35584",10.000,248.000,133.000,0.750,0.250,0.250,0.750,0.908,-0.270,0.135,-16.536
"35675",14.000,197.000,67.000,0.000,1.000,0.000,1.000,-1.199,-1.318,0.255,-132.288
"35808",15.000,251.000,180.000,1.000,0.000,0.250,0.750,0.500,-0.408,0.092,-39.183
"35907",11.000,221.000,108.000,0.667,0.333,0.400,0.600,0.060,-0.428,0.062,-82.069
"35915",4.000,221.000,112.000,0.667,0.333,0.500,0.500,1.285,-0.019,0.184,-0.850
"35949",8.000,228.000,111.000,0.250,0.750,0.250,0.750,0.307,-1.038,0.155,-73.542
"35980",7.000,186.000,61.000,1.000,0.000,1.000,0.000,-2.310,-1.793,0.418,-142.184
"36475",5.000,199.000,58.000,1.000,0.000,0.200,0.800,-0.178,-1.381,0.199,-97.335
"36962",5.000,192.000,48.000,0.000,1.000,0.500,0.500,-2.225,-1.652,0.396,-143.415
"37002",15.000,236.000,133.000,0.750,0.250,0.500,0.500,0.046,-0.350,0.050,-82.532
"37028",11.000,251.000,161.000,0.333,0.667,0.200,0.800,1.642,-0.265,0.238,-9.176
"37051",10.000,212.000,88.000,1.000,0.000,0.600,0.400,-0.463,-0.507,0.098,-132.389
"37275",20.000,241.000,100.000,1.000,0.000,1.000,0.000,-2.000,-0.796,0.308,-158.301
"37283",8.000,202.000,77.000,0.750,0.250,1.000,0.000,-1.009,-0.744,0.179,-143.580
"37291",0.000,198.000,41.000,0.500,0.500,1.000,0.000,-1.900,0.160,0.272,175.201
"37374",5.000,213.000,94.000,0.500,0.500,0.500,0.500,0.279,-1.059,0.156,-75.244
"37408",5.000,233.000,120.000,0.600,0.400,0.000,1.000,1.133,-0.301,0.168,-14.865
"37606",12.000,247.000,131.000,0.500,0.500,0.500,0.500,0.245,-0.277,0.053,-48.547
"37697",10.000,222.000,114.000,0.250,0.750,0.250,0.750,-0.828,-0.490,0.137,-149.384
"37846",8.000,224.000,102.000,1.000,0.000,0.500,0.500,0.267,-0.609,0.095,-66.364
"37903",12.000,266.000,163.000,1.000,0.000,0.250,0.750,1.554,-0.120,0.223,-4.414
"37945",20.000,222.000,140.000,0.667,0.333,0.667,0.333,1.000,-0.110,0.144,-6.269
"38000",10.000,202.000,91.000,0.750,0.250,0.500,0.500,-0.610,-1.049,0.173,-120.157
"38059",5.000,202.000,60.000,0.667,0.333,0.600,0.400,-1.610,-1.578,0.322,-135.578
"38133",10.000,223.000,126.000,0.250,0.750,0.250,0.750,0.946,-0.383,0.146,-22.012
"38174",10.000,210.000,97.000,1.000,0.000,0.500,0.500,-0.721,-0.613,0.135,-139.633
"38190",10.000,215.000,116.000,1.000,0.000,0.500,0.500,-0.433,-0.558,0.101,-127.833
"38273",10.000,202.000,56.000,0.000,1.000,0.800,0.200,-2.658,-2.083,0.482,-141.920
"38281",11.000,226.000,104.000,1.000,0.000,0.571,0.429,-0.083,-0.518,0.075,-99.124
"38372",7.000,192.000,67.000,1.000,0.000,1.000,0.000,-0.737,-0.833,0.159,-131.510
"38406",2.000,189.000,51.000,0.667,0.333,0.500,0.500,-0.763,-1.202,0.203,-122.397
"38471",10.000,210.000,98.000,0.333,0.667,0.200,0.800,-0.717,-0.520,0.127,-144.027
"38505",10.000,209.000,112.000,1.000,0.000,0.500,0.500,1.125,-0.745,0.193,-33.516
"38596",8.000,202.000,45.000,0.000,1.000,1.000,0.000,-1.817,-0.693,0.278,-159.112
"38620",5.000,184.000,69.000,0.000,1.000,0.333,0.667,-1.402,-2.137,0.365,-123.265
"38737",2.000,195.000,8.000,NaN,NaN,1.000,0.000,-1.333,-1.667,0.305,-128.660
"38794",20.000,284.000,200.000,1.000,0.000,0.000,1.000,0.000,-0.752,0.107,-90.000
"38836",5.000,206.000,64.000,1.000,0.000,0.250,0.750,-1.000,-1.050,0.207,-133.603
"38851",5.000,230.000,113.000,1.000,0.000,0.600,0.400,0.908,-0.155,0.132,-9.690
"38885",5.000,202.000,80.000,0.667,0.333,0.000,1.000,0.111,-0.660,0.096,-80.419
"38919",4.000,214.000,124.000,0.500,0.500,0.000,1.000,2.769,-0.511,0.402,-10.455
"38943",5.000,213.000,81.000,0.800,0.200,1.000,0.000,-0.464,-0.525,0.100,-131.510
"38992",10.000,266.000,151.000,1.000,0.000,0.200,0.800,1.917,-0.032,0.274,-0.962
"39149",15.000,223.000,126.000,0.000,1.000,0.000,1.000,1.031,-0.906,0.196,-41.332
"39164",10.000,219.000,90.000,1.000,0.000,0.800,0.200,-0.155,-0.420,0.064,-110.233
"39263",10.000,214.000,105.000,0.333,0.667,0.400,0.600,-0.587,-0.292,0.094,-153.537
"39271",20.000,284.000,200.000,1.000,0.000,0.000,1.000,0.000,-0.752,0.107,-90.000
"39313",13.000,225.000,129.000,0.500,0.500,0.500,0.500,0.760,-0.515,0.131,-34.157
"39511",8.000,209.000,101.000,0.667,0.333,0.600,0.400,-0.203,-0.675,0.101,-106.747
"39545",5.000,202.000,68.000,1.000,0.000,0.200,0.800,0.023,-1.050,0.150,-88.726
"39644",10.000,216.000,102.000,0.333,0.667,0.400,0.600,-0.182,-0.411,0.064,-113.955
"39701",10.000,240.000,121.000,0.500,0.500,0.250,0.750,1.491,-0.133,0.214,-5.097
"39719",10.000,225.000,130.000,0.600,0.400,0.333,0.667,1.855,-0.162,0.266,-4.987
"39750",15.000,216.000,135.000,0.333,0.667,0.400,0.600,0.119,-0.744,0.108,-80.877
"39784",20.000,266.000,180.000,1.000,0.000,0.500,0.500,0.000,-0.568,0.081,-90.000
"39818",5.000,212.000,82.000,1.000,0.000,1.000,0.000,-0.935,-0.749,0.171,-141.303
"39826",8.000,213.000,105.000,0.000,1.000,0.200,0.800,-0.602,-0.725,0.135,-129.723
"39867",5.000,217.000,85.000,1.000,0.000,0.800,0.200,0.569,-0.605,0.119,-46.764
"39875",10.000,206.000,90.000,0.500,0.500,0.500,0.500,-0.235,-0.767,0.115,-107.050
"39883",10.000,211.000,100.000,0.333,0.667,0.400,0.600,-0.323,-0.657,0.105,-116.203
"39891",5.000,202.000,73.000,1.000,0.000,0.750,0.250,-1.158,-0.765,0.198,-146.548
"39958",4.000,196.000,34.000,0.800,0.200,0.333,0.667,-0.714,-0.651,0.138,-137.631
"39982",20.000,273.000,166.000,0.750,0.250,0.500,0.500,0.247,-0.254,0.051,-45.736
"40071",10.000,283.000,171.000,1.000,0.000,0.400,0.600,0.450,-0.055,0.065,-6.983
"40097",20.000,275.000,190.000,1.000,0.000,0.250,0.750,-0.500,-0.752,0.129,-123.614
"40113",10.000,206.000,109.000,0.000,1.000,0.400,0.600,-0.251,-0.630,0.097,-111.761
"40246",5.000,204.000,74.000,1.000,0.000,0.400,0.600,0.051,-0.918,0.131,-86.802
"40287",12.000,218.000,117.000,1.000,0.000,0.667,0.333,-0.133,-0.657,0.096,-101.433
"40303",14.000,203.000,121.000,0.750,0.250,0.500,0.500,0.739,-0.715,0.147,-44.060
"40311",10.000,208.000,84.000,0.333,0.667,0.200,0.800,-0.145,-0.612,0.090,-103.300
"40378",5.000,215.000,83.000,0.667,0.333,0.600,0.400,-0.184,-0.689,0.102,-104.954
"40402",15.000,205.000,114.000,0.600,0.400,0.667,0.333,0.170,-1.056,0.153,-80.844
"40410",18.000,268.000,186.000,1.000,0.000,1.000,0.000,1.532,-0.177,0.220,-6.594
"40501",5.000,205.000,53.000,1.000,0.000,0.600,0.400,-0.968,-1.226,0.223,-128.295
"40527",10.000,200.000,123.000,0.500,0.500,0.500,0.500,1.156,-0.900,0.209,-37.911
"40543",7.000,189.000,69.000,0.500,0.500,0.600,0.400,-1.489,-1.456,0.297,-135.641
"40550",5.000,204.000,83.000,0.667,0.333,0.750,0.250,-1.272,-0.672,0.206,-152.144
"40568",10.000,196.000,88.000,0.600,0.400,0.667,0.333,-0.659,-0.820,0.150,-128.767
"40659",20.000,284.000,200.000,1.000,0.000,0.000,1.000,0.000,-0.752,0.107,-90.000
"40717",6.000,216.000,44.000,1.000,0.000,0.750,0.250,-2.061,-1.464,0.361,-144.606
"40758",5.000,199.000,63.000,0.500,0.500,0.500,0.500,-0.395,-1.649,0.242,-103.455
"40857",15.000,224.000,102.000,0.500,0.500,0.500,0.500,-0.956,-0.479,0.153,-153.370
"40949",15.000,213.000,122.000,0.500,0.500,0.833,0.167,-1.397,-0.739,0.226,-152.133
"40972",13.000,265.000,155.000,0.500,0.500,0.500,0.500,0.994,-0.044,0.142,-2.532
"40980",5.000,189.000,60.000,1.000,0.000,0.571,0.429,-1.223,-1.817,0.313,-123.940
"41012",11.000,206.000,55.000,0.333,0.667,0.400,0.600,-1.719,-0.874,0.276,-153.048
"41046",20.000,222.000,131.000,1.000,0.000,0.750,0.250,-2.950,-2.283,0.533,-142.260
"41053",12.000,225.000,123.000,1.000,0.000,0.429,0.571,0.076,-0.606,0.087,-82.861
"41061",11.000,231.000,136.000,0.667,0.333,0.600,0.400,1.121,-0.398,0.170,-19.548
"41095",20.000,300.000,194.000,1.000,0.000,0.250,0.750,1.300,-0.247,0.189,-10.769
"41103",20.000,280.000,180.000,1.000,0.000,0.250,0.750,-1.000,-0.752,0.179,-143.051
"41160",13.000,199.000,35.000,0.667,0.333,0.600,0.400,-2.430,-1.801,0.432,-143.453
"41178",6.000,198.000,56.000,0.667,0.333,0.600,0.400,-1.220,-1.786,0.309,-124.341
"41202",15.000,228.000,158.000,0.000,1.000,0.250,0.750,1.063,-1.012,0.210,-43.599
"41210",5.000,216.000,115.000,0.600,0.400,0.333,0.667,0.717,-0.255,0.109,-19.565
"41228",5.000,268.000,143.000,0.750,0.250,0.250,0.750,2.633,-0.095,0.376,-2.056
"41236",3.000,187.000,73.000,0.333,0.667,0.400,0.600,0.296,-1.176,0.173,-75.888
"41277",7.000,221.000,142.000,0.750,0.250,0.250,0.750,1.640,-0.042,0.234,-1.480
"41376",2.000,191.000,38.000,0.250,0.750,0.000,1.000,-0.835,-1.881,0.294,-113.928
"41442",7.000,194.000,111.000,0.250,0.750,0.000,1.000,1.140,-1.158,0.232,-45.444
"41517",13.000,217.000,137.000,0.600,0.400,0.667,0.333,1.062,-0.159,0.153,-8.509
"41731",15.000,252.000,165.000,1.000,0.000,0.333,0.667,0.750,-0.226,0.112,-16.754
"41798",5.000,194.000,71.000,0.333,0.667,0.400,0.600,-1.757,-2.751,0.466,-122.568
"41806",10.000,214.000,111.000,0.500,0.500,0.500,0.500,0.145,-0.513,0.076,-74.223
"41814",7.000,191.000,68.000,1.000,0.000,0.600,0.400,-0.177,-1.251,0.181,-98.033
"41822",5.000,239.000,105.000,0.667,0.333,0.800,0.200,0.203,-0.490,0.076,-67.521
"41830",8.000,218.000,92.000,0.500,0.500,0.750,0.250,-0.831,-0.669,0.152,-141.168
"41855",10.000,217.000,116.000,0.667,0.333,0.600,0.400,0.242,-0.474,0.076,-62.984
"41897",12.000,205.000,87.000,1.000,0.000,0.750,0.250,-0.598,-1.110,0.180,-118.333
"41921",10.000,246.000,160.000,1.000,0.000,0.250,0.750,1.852,-0.289,0.268,-8.860
"41988",19.000,266.000,190.000,1.000,0.000,0.500,0.500,-0.450,-0.420,0.088,-136.946
"41996",7.000,212.000,99.000,0.600,0.400,0.333,0.667,0.381,-0.259,0.066,-34.262
"42002",5.000,216.000,91.000,1.000,0.000,0.667,0.333,-0.141,-0.564,0.083,-104.064
"42051",14.000,195.000,79.000,0.333,0.667,0.200,0.800,-0.987,-0.831,0.184,-139.918
"42069",7.000,187.000,62.000,0.400,0.600,0.667,0.333,-1.122,-0.934,0.209,-140.232
"42085",5.000,207.000,48.000,1.000,0.000,0.400,0.600,-1.228,-1.134,0.239,-137.284
"42135",5.000,203.000,62.000,0.500,0.500,0.500,0.500,-0.851,-1.148,0.204,-126.555
"42150",5.000,203.000,29.000,0.000,1.000,0.667,0.333,-1.900,-0.809,0.295,-156.931
"42259",15.000,201.000,97.000,0.750,0.250,0.500,0.500,0.211,-0.726,0.108,-73.777
"42317",20.000,258.000,158.000,0.500,0.500,0.250,0.750,3.236,-0.627,0.471,-10.966
"42341",10.000,232.000,100.000,1.000,0.000,0.750,0.250,-0.750,-0.502,0.129,-146.219
"42366",3.000,188.000,32.000,0.667,0.333,0.667,0.333,-1.629,-1.203,0.289,-143.560
"42374",20.000,287.000,185.000,0.750,0.250,0.250,0.750,-0.583,-0.319,0.095,-151.342
"42382",7.000,194.000,86.000,1.000,0.000,0.333,0.667,-0.163,-0.556,0.083,-106.314
"42390",12.000,269.000,148.000,0.500,0.500,0.500,0.500,0.409,-0.051,0.059,-7.061
"42408",15.000,227.000,155.000,1.000,0.000,0.333,0.667,-0.250,-0.356,0.062,-125.094
"42416",15.000,276.000,178.000,0.833,0.167,0.500,0.500,3.414,-0.098,0.488,-1.652
"42440",15.000,214.000,127.000,0.400,0.600,0.333,0.667,0.005,-0.416,0.059,-89.344
"42499",15.000,246.000,180.000,1.000,0.000,0.333,0.667,0.750,-0.303,0.116,-21.986
"42507",10.000,207.000,101.000,1.000,0.000,0.500,0.500,-1.157,-0.729,0.195,-147.783
"42564",5.000,207.000,44.000,1.000,0.000,0.800,0.200,-1.534,-0.797,0.247,-152.541
"42689",10.000,232.000,145.000,0.800,0.200,0.333,0.667,1.225,-0.113,0.176,-5.286
"42705",10.000,239.000,135.000,1.000,0.000,0.400,0.600,1.287,-0.190,0.186,-8.384
"42747",6.000,220.000,113.000,1.000,0.000,0.500,0.500,0.206,-0.313,0.054,-56.655
"42762",10.000,234.000,129.000,0.500,0.500,0.250,0.750,0.138,-0.501,0.074,-74.564
"42929",5.000,243.000,116.000,0.750,0.250,0.250,0.750,2.039,-0.171,0.292,-4.798
"42978",5.000,221.000,71.000,0.500,0.500,0.400,0.600,-1.189,-0.590,0.190,-153.629
"42986",3.000,186.000,26.000,0.000,1.000,0.500,0.500,-1.056,-1.483,0.260,-125.436
"42994",10.000,212.000,90.000,0.333,0.667,0.600,0.400,-0.814,-1.391,0.230,-120.329
"43042",5.000,206.000,52.000,1.000,0.000,0.500,0.500,-1.162,-1.965,0.326,-120.594
"43109",12.000,220.000,135.000,0.250,0.750,0.500,0.500,0.819,-0.438,0.133,-28.127
"43224",5.000,202.000,27.000,0.500,0.500,0.250,0.750,-1.574,-1.340,0.295,-139.584
"43232",10.000,273.000,180.000,1.000,0.000,0.250,0.750,-0.500,-0.395,0.091,-141.712
"43240",10.000,280.000,183.000,1.000,0.000,0.667,0.333,3.650,0.084,0.522,1.313
"43257",20.000,245.000,95.000,1.000,0.000,0.800,0.200,-1.883,-0.954,0.302,-153.142
"43281",15.000,263.000,185.000,1.000,0.000,0.000,1.000,1.000,-0.392,0.153,-21.408
"43422",14.000,215.000,134.000,0.250,0.750,0.000,1.000,0.893,-0.347,0.137,-21.262
"43513",4.000,200.000,64.000,0.333,0.667,0.250,0.750,-1.186,-0.744,0.200,-147.895
"43539",20.000,284.000,200.000,1.000,0.000,0.000,1.000,0.000,-0.752,0.107,-90.000
"43570",12.000,266.000,158.000,0.750,0.250,0.000,1.000,2.183,-0.108,0.312,-2.821
"43661",5.000,206.000,82.000,0.667,0.333,0.200,0.800,0.079,-0.638,0.092,-82.902
"43687",5.000,222.000,132.000,0.333,0.667,0.400,0.600,1.487,-1.407,0.292,-43.416
"43695",20.000,283.000,196.000,1.000,0.000,0.250,0.750,0.800,-0.747,0.156,-43.053
"43760",10.000,254.000,140.000,0.800,0.200,0.333,0.667,1.398,0.097,0.200,3.967
"43810",1.000,188.000,55.000,1.000,0.000,0.000,1.000,0.566,-0.972,0.161,-59.792
"43828",20.000,284.000,200.000,1.000,0.000,0.000,1.000,0.000,-0.752,0.107,-90.000
"43844",10.000,248.000,166.000,0.750,0.250,0.000,1.000,1.700,-0.128,0.244,-4.297
"43901",2.000,192.000,28.000,0.600,0.400,0.333,0.667,-0.786,-1.153,0.199,-124.274
"43943",5.000,186.000,80.000,0.333,0.667,0.400,0.600,-0.168,-1.484,0.213,-96.451
"44149",13.000,267.000,182.000,1.000,0.000,0.500,0.500,1.967,-0.226,0.283,-6.565
"44180",15.000,220.000,119.000,0.667,0.333,0.200,0.800,0.516,-0.586,0.112,-48.644
"44255",10.000,242.000,140.000,0.500,0.500,0.500,0.500,0.606,-0.128,0.088,-11.924
"44420",19.000,270.000,178.000,1.000,0.000,0.333,0.667,0.000,-0.422,0.060,-90.000
"44487",12.000,270.000,167.000,1.000,0.000,0.333,0.667,1.250,-0.298,0.184,-13.422
"44503",20.000,284.000,187.000,1.000,0.000,0.400,0.600,-0.524,-0.520,0.105,-135.221
"44545",10.000,253.000,165.000,1.000,0.000,0.500,0.500,0.250,-0.264,0.052,-46.551
"44560",10.000,205.000,92.000,0.600,0.400,0.333,0.667,0.658,-0.710,0.138,-47.169
"44602",15.000,219.000,105.000,0.333,0.667,0.400,0.600,-1.400,-1.440,0.287,-134.191
"44610",12.000,241.000,117.000,0.500,0.500,0.500,0.500,-0.441,-0.186,0.068,-157.150
"44644",10.000,202.000,69.000,0.750,0.250,0.250,0.750,-0.492,-0.927,0.150,-117.929
"44719",20.000,280.000,180.000,1.000,0.000,0.250,0.750,-1.000,-0.752,0.179,-143.051
"44776",8.000,229.000,106.000,0.500,0.500,0.167,0.833,0.364,-0.368,0.074,-45.306
"44792",20.000,284.000,200.000,1.000,0.000,0.000,1.000,0.000,-0.752,0.107,-90.000
"44818",4.000,202.000,59.000,0.500,0.500,0.333,0.667,-0.476,-1.681,0.250,-105.821
"44826",10.000,258.000,152.000,1.000,0.000,0.500,0.500,1.231,-0.170,0.177,-7.843
"45021",10.000,253.000,170.000,1.000,0.000,0.250,0.750,0.333,-0.271,0.061,-39.148
"45146",20.000,311.000,189.000,1.000,0.000,0.250,0.750,2.400,-0.284,0.345,-6.754
"45468",20.000,283.000,176.000,0.667,0.333,0.200,0.800,-0.200,-0.526,0.080,-110.817
"45476",12.000,226.000,130.000,0.000,1.000,0.333,0.667,0.890,-0.568,0.151,-32.552
"45500",13.000,191.000,82.000,0.667,0.333,0.600,0.400,-1.163,-1.967,0.326,-120.588
"45526",2.000,204.000,31.000,0.500,0.500,1.000,0.000,-2.369,-0.736,0.354,-162.736
"45534",8.000,213.000,115.000,0.667,0.333,0.600,0.400,0.745,-0.758,0.152,-45.477
"45591",12.000,267.000,157.000,0.750,0.250,0.500,0.500,2.142,-0.171,0.307,-4.553
"45609",20.000,262.000,150.000,0.667,0.333,0.600,0.400,0.167,-0.553,0.083,-73.231
"45617",7.000,203.000,77.000,0.667,0.333,0.667,0.333,-1.643,-0.514,0.246,-162.638
"45641",12.000,258.000,160.000,1.000,0.000,0.400,0.600,2.464,-0.296,0.354,-6.844
"45682",6.000,192.000,66.000,0.500,0.500,0.250,0.750,-0.930,-1.666,0.273,-119.170
"45690",7.000,199.000,84.000,0.500,0.500,0.500,0.500,-0.435,-0.481,0.093,-132.109
"45708",20.000,309.000,185.000,1.000,0.000,0.000,1.000,2.283,-0.262,0.328,-6.535
"45773",10.000,201.000,45.000,1.000,0.000,0.750,0.250,-1.636,-1.412,0.309,-139.215
"45997",11.000,218.000,101.000,0.400,0.600,0.000,1.000,0.619,-0.371,0.103,-30.913
"46193",13.000,210.000,90.000,0.250,0.750,0.250,0.750,-1.539,-1.644,0.322,-133.112
"46243",8.000,221.000,79.000,0.333,0.667,0.600,0.400,-0.619,-0.331,0.100,-151.851
"46284",12.000,212.000,108.000,0.500,0.500,0.250,0.750,-0.539,-0.655,0.121,-129.430
"46318",10.000,214.000,106.000,1.000,0.000,0.500,0.500,-0.039,-0.527,0.075,-94.226
"46326",10.000,214.000,89.000,1.000,0.000,0.750,0.250,-1.017,-0.438,0.158,-156.708
"46334",8.000,250.000,127.000,0.750,0.250,0.250,0.750,-0.002,-0.173,0.025,-90.593
"46359",10.000,203.000,110.000,0.667,0.333,0.600,0.400,-0.021,-0.937,0.134,-91.293
"46375",8.000,226.000,94.000,0.333,0.667,0.400,0.600,0.362,-0.523,0.091,-55.334
"46425",10.000,208.000,89.000,0.667,0.333,0.600,0.400,-0.407,-0.614,0.105,-123.521
"46466",10.000,242.000,161.000,1.000,0.000,0.200,0.800,2.884,-0.386,0.416,-7.633
"46599",11.000,210.000,105.000,0.667,0.333,0.400,0.600,0.358,-0.666,0.108,-61.753
"46730",5.000,201.000,60.000,0.500,0.500,0.500,0.500,-0.673,-1.057,0.179,-122.494
"46839",2.000,171.000,69.000,0.333,0.667,0.333,0.667,-0.518,-1.024,0.164,-116.819
"46888",3.000,195.000,21.000,1.000,0.000,0.750,0.250,-2.525,-1.601,0.427,-147.620
"46912",3.000,184.000,36.000,0.667,0.333,0.400,0.600,-1.063,-3.164,0.477,-108.564
"46920",2.000,168.000,64.000,0.500,0.500,0.250,0.750,-0.603,-2.952,0.430,-101.543
"46946",20.000,281.000,195.000,0.667,0.333,0.000,1.000,0.750,-0.526,0.131,-35.045
"47118",10.000,172.000,95.000,1.000,0.000,0.250,0.750,-0.167,-1.470,0.211,-96.467
"47142",20.000,280.000,180.000,1.000,0.000,0.250,0.750,-1.000,-0.752,0.179,-143.051
"47159",6.000,217.000,97.000,0.750,0.250,0.250,0.750,0.364,-0.354,0.073,-44.164
"47191",20.000,271.000,183.000,0.667,0.333,0.400,0.600,1.400,-0.754,0.227,-28.313
"47225",10.000,248.000,142.000,0.250,0.750,0.250,0.750,1.310,-0.529,0.202,-21.993
"47233",12.000,235.000,114.000,0.333,0.667,0.400,0.600,-0.123,-0.482,0.071,-104.355
"47258",15.000,224.000,162.000,1.000,0.000,0.800,0.200,1.106,-0.534,0.175,-25.784
"47357",5.000,198.000,84.000,0.250,0.750,0.500,0.500,-0.555,-0.926,0.154,-120.951
"47365",10.000,217.000,103.000,1.000,0.000,0.833,0.167,-0.484,-0.446,0.094,-137.333
"47506",6.000,181.000,64.000,0.667,0.333,0.800,0.200,-1.695,-2.123,0.388,-128.607
"47563",6.000,198.000,75.000,1.000,0.000,0.429,0.571,-0.291,-0.432,0.074,-124.005
"47571",4.000,193.000,40.000,1.000,0.000,0.833,0.167,-1.350,-1.483,0.287,-132.302
"47589",13.000,246.000,130.000,1.000,0.000,0.667,0.333,-0.141,-0.276,0.044,-117.021
"47613",5.000,203.000,61.000,1.000,0.000,0.500,0.500,-1.280,-1.355,0.266,-133.363
"47720",3.000,188.000,42.000,0.667,0.333,0.800,0.200,-1.187,-1.675,0.293,-125.320
"47738",11.000,208.000,93.000,0.667,0.333,0.600,0.400,-0.099,-0.737,0.106,-97.624
"47761",20.000,220.000,115.000,0.000,1.000,0.500,0.500,-0.550,-1.626,0.245,-108.685
"47829",2.000,192.000,30.000,1.000,0.000,0.750,0.250,-1.852,-2.732,0.472,-124.138
"47837",5.000,211.000,77.000,0.667,0.333,0.600,0.400,-0.575,-0.739,0.134,-127.873
"47860",15.000,215.000,122.000,0.000,1.000,0.500,0.500,-1.118,-0.710,0.189,-147.581
"47878",10.000,221.000,117.000,0.667,0.333,0.600,0.400,0.029,-0.698,0.100,-87.629
"47910",10.000,246.000,163.000,0.600,0.400,0.333,0.667,1.314,-0.270,0.192,-11.622
"47928",5.000,256.000,111.000,0.667,0.333,0.600,0.400,0.562,-0.187,0.085,-18.383
"48132",3.000,211.000,105.000,0.800,0.200,0.667,0.333,1.704,-0.646,0.260,-20.762
"48199",10.000,207.000,93.000,0.333,0.667,0.600,0.400,-0.564,-0.479,0.106,-139.643
"48231",5.000,202.000,30.000,0.000,1.000,0.667,0.333,-2.163,-1.351,0.364,-148.000
"48298",17.000,226.000,148.000,0.400,0.600,0.333,0.667,1.194,-1.085,0.230,-42.272
"48306",10.000,255.000,141.000,0.750,0.250,0.500,0.500,0.383,-0.676,0.111,-60.441
"48348",10.000,208.000,86.000,0.500,0.500,0.333,0.667,-0.250,-0.310,0.057,-128.850
"48363",5.000,222.000,82.000,1.000,0.000,0.500,0.500,-0.239,-0.493,0.078,-115.877
"48371",10.000,278.000,170.000,1.000,0.000,0.250,0.750,-1.000,-0.395,0.154,-158.460
"48397",5.000,222.000,108.000,0.667,0.333,0.600,0.400,0.433,-0.473,0.092,-47.509
"48413",5.000,203.000,57.000,0.000,1.000,0.667,0.333,-1.773,-1.360,0.319,-142.508
"48421",5.000,207.000,45.000,0.400,0.600,0.333,0.667,-1.805,-0.934,0.290,-152.643
"48439",10.000,221.000,76.000,0.750,0.250,0.750,0.250,-0.992,-1.099,0.212,-132.063
"48447",10.000,206.000,62.000,1.000,0.000,1.000,0.000,-1.278,-0.960,0.228,-143.090
"48454",10.000,202.000,98.000,0.667,0.333,0.200,0.800,-0.109,-0.650,0.094,-99.533
"48462",12.000,211.000,98.000,1.000,0.000,0.800,0.200,-1.209,-0.748,0.203,-148.248
"48470",3.000,213.000,116.000,0.600,0.400,0.333,0.667,1.349,-0.562,0.209,-22.618
"48504",12.000,254.000,147.000,1.000,0.000,0.250,0.750,0.701,-0.074,0.101,-6.019
"48512",5.000,197.000,55.000,0.500,0.500,0.333,0.667,-1.104,-1.490,0.265,-126.533
"48520",3.000,186.000,28.000,0.667,0.333,0.800,0.200,-2.104,-2.560,0.473,-129.412
"59089",5.000,223.000,92.000,1.000,0.000,0.750,0.250,0.102,-0.934,0.134,-83.740
"59113",12.000,186.000,64.000,0.333,0.667,0.400,0.600,-1.645,-2.842,0.469,-120.054
"59121",14.000,206.000,64.000,0.333,0.667,1.000,0.000,-2.250,0.169,0.322,175.693
"59139",20.000,284.000,200.000,1.000,0.000,0.000,1.000,0.000,-0.752,0.107,-90.000
"59147",11.000,198.000,94.000,0.000,1.000,0.000,1.000,0.011,-1.110,0.159,-89.437
"59188",11.000,210.000,96.000,0.500,0.500,0.667,0.333,-0.653,-0.635,0.130,-135.805
"59220",15.000,227.000,50.000,0.500,0.500,0.667,0.333,-1.281,-0.382,0.191,-163.407
"59238",11.000,213.000,105.000,0.333,0.667,0.400,0.600,-0.306,-0.681,0.107,-114.213
"59246",10.000,231.000,134.000,1.000,0.000,0.400,0.600,1.708,-0.171,0.245,-5.715
"59253",5.000,239.000,156.000,0.500,0.500,0.500,0.500,2.372,-0.227,0.340,-5.455
"59261",20.000,260.000,127.000,0.333,0.667,0.400,0.600,-0.399,-0.616,0.105,-122.919
"59287",12.000,237.000,128.000,0.500,0.500,0.000,1.000,0.767,-0.309,0.118,-21.948
"59295",11.000,225.000,108.000,0.750,0.250,0.250,0.750,0.422,-0.343,0.078,-39.085
"59303",10.000,208.000,88.000,1.000,0.000,0.750,0.250,0.303,-0.572,0.092,-62.128
"59311",10.000,221.000,109.000,0.750,0.250,0.500,0.500,0.331,-0.370,0.071,-48.203
"59329",5.000,202.000,55.000,0.500,0.500,0.500,0.500,-0.941,-1.257,0.224,-126.836
"59337",10.000,252.000,140.000,0.800,0.200,0.333,0.667,0.840,-0.058,0.120,-3.955
"59386",4.000,185.000,42.000,0.750,0.250,0.500,0.500,-0.603,-1.615,0.246,-110.461
"59402",12.000,209.000,111.000,0.500,0.500,0.500,0.500,0.182,-0.905,0.132,-78.627
"59477",10.000,212.000,106.000,0.333,0.667,0.400,0.600,-0.194,-0.831,0.122,-103.165
"59485",4.000,188.000,47.000,0.250,0.750,0.500,0.500,-2.082,-1.445,0.362,-145.239
"59642",8.000,223.000,69.000,0.500,0.500,0.667,0.333,-2.376,-1.680,0.416,-144.733