"nspnID","invOpen.bsl","respMag.bsl","respAng.bsl","invTotContr.bsl","invTotAssets.bsl","invOpen.fu1","respMag.fu1","respAng.fu1","invTotContr.fu1","invTotAssets.fu1","invOpen.fu2","respMag.fu2","respAng.fu2","invTotContr.fu2","invTotAssets.fu2"
10009,10,0.384,-4.776,145,243,NA,NA,NA,NA,NA,12,0.186,-6.154,152,249
10017,16,0.042,-46.727,154,239,NA,NA,NA,NA,NA,10,0.076,-12.735,149,238
10025,3,0.323,-147.988,50,191,NA,NA,NA,NA,NA,NA,NA,NA,NA,NA
10041,10,0.147,-157.438,171,277,NA,NA,NA,NA,NA,15,0.248,-163.638,125,206
10059,10,0.115,-137.859,79,194,NA,NA,NA,NA,NA,5,0.111,-22.015,113,225
10067,8,0.097,-33.366,121,204,NA,NA,NA,NA,NA,20,0.113,-108.386,195,277
10075,20,0.235,-16.968,170,256,NA,NA,NA,NA,NA,20,0.041,-86.051,167,283
10083,20,0.179,-143.051,180,280,NA,NA,NA,NA,NA,20,0.179,-143.051,180,280
10091,3,0.362,-114.045,28,189,NA,NA,NA,NA,NA,10,0.139,-13.11,138,222
10116,7,0.086,-75.59,79,194,NA,NA,NA,NA,NA,20,0.107,-90,200,284
10140,3,0.509,-141.843,14,200,NA,NA,NA,NA,NA,5,0.206,-139.767,59,194
10158,10,0.138,-130.961,92,202,NA,NA,NA,NA,NA,15,0.093,-112.678,105,222
10174,20,0.124,-39.64,140,259,NA,NA,NA,NA,NA,10,0.226,-102.577,93,194
10182,12,0.041,-90,192,280,NA,NA,NA,NA,NA,12,0.038,-92.653,154,256
10207,6,0.135,-34.101,117,216,NA,NA,NA,NA,NA,15,0.146,-38.254,168,248
10215,15,0.249,-117.767,66,194,NA,NA,NA,NA,NA,16,0.177,-117.895,109,211
10223,5,0.391,-0.239,140,274,NA,NA,NA,NA,NA,10,0.299,-0.3,168,272
10265,10,0.038,-15.512,138,239,NA,NA,NA,NA,NA,16,0.108,-25.349,172,264
10281,10,0.2,-177.62,89,195,NA,NA,NA,NA,NA,5,0.094,-133.649,99,236
10299,12,0.142,-103.901,95,209,NA,NA,NA,NA,NA,NA,NA,NA,NA,NA
10306,5,0.133,-42.948,117,221,NA,NA,NA,NA,NA,10,0.304,-5.902,165,258
10314,11,0.098,-145.417,102,233,NA,NA,NA,NA,NA,NA,NA,NA,NA,NA
10330,12,0.078,-133.376,85,219,NA,NA,NA,NA,NA,NA,NA,NA,NA,NA
10356,10,0.233,-124.103,56,202,10,0.229,-5.104,151,251,NA,NA,NA,NA,NA
10364,20,0.107,-90,200,284,NA,NA,NA,NA,NA,NA,NA,NA,NA,NA
10447,5,0.367,-152.744,67,207,NA,NA,NA,NA,NA,1,0.185,-149.836,33,189
10520,20,0.183,-154.176,132,263,NA,NA,NA,NA,NA,8,0.189,-149.217,57,201
10570,11,0.229,-102.847,83,201,NA,NA,NA,NA,NA,NA,NA,NA,NA,NA
10629,15,0.084,-27.825,136,242,NA,NA,NA,NA,NA,NA,NA,NA,NA,NA
10679,8,0.198,-38.132,119,228,NA,NA,NA,NA,NA,NA,NA,NA,NA,NA
10695,12,0.153,-56.375,120,216,NA,NA,NA,NA,NA,10,0.222,-17.026,133,221
10702,15,0.168,-67.124,129,214,NA,NA,NA,NA,NA,20,0.107,-90,200,284
10710,15,0.088,-108.843,140,230,NA,NA,NA,NA,NA,10,0.135,-119.44,83,200
10728,20,0.129,-123.614,190,275,NA,NA,NA,NA,NA,20,0.129,-123.614,190,275
10736,7,0.082,-10.061,119,226,5,0.114,-75.597,105,224,7,0.072,-132.672,98,202
10744,10,0.109,-122.628,100,203,NA,NA,NA,NA,NA,10,0.111,-131.791,108,199
10752,10,0.222,-149.635,75,199,NA,NA,NA,NA,NA,NA,NA,NA,NA,NA
10778,20,0.147,-47.019,194,276,20,0.198,-20.252,186,281,NA,NA,NA,NA,NA
10794,9,0.113,-121.993,91,199,NA,NA,NA,NA,NA,7,0.06,-78.967,93,196
10801,5,0.262,-2.461,136,262,NA,NA,NA,NA,NA,10,0.037,-129.695,136,242
10819,5,0.256,-163.449,43,200,NA,NA,NA,NA,NA,5,0.396,-123.498,54,190
10827,2,0.32,-124.693,28,185,NA,NA,NA,NA,NA,10,0.206,-157.552,84,204
10843,7,0.059,-56.424,103,206,NA,NA,NA,NA,NA,8,0.065,-75.741,122,245
10869,10,0.348,-1.08,159,265,NA,NA,NA,NA,NA,10,0.166,-8.255,126,219
10877,9,0.082,-101.342,86,207,NA,NA,NA,NA,NA,NA,NA,NA,NA,NA
10893,4,0.229,-3.327,121,240,NA,NA,NA,NA,NA,6,0.31,-10.214,124,236
10900,20,0.133,-126.176,189,276,NA,NA,NA,NA,NA,20,0.173,-38.333,199,283
10918,5,0.189,-76.133,66,189,NA,NA,NA,NA,NA,14,0.303,-173.364,88,215
10975,20,0.087,-35.123,190,279,20,0.179,-143.051,180,280,20,0.179,-143.051,180,280
10983,15,0.185,-15.657,188,276,NA,NA,NA,NA,NA,20,0.11,-101.278,197,282
11049,14,0.055,-2.332,145,229,NA,NA,NA,NA,NA,17,0.254,-1.538,189,283
11064,5,0.225,-124.737,52,206,NA,NA,NA,NA,NA,5,0.207,-131.097,62,207
11171,10,0.049,-62.35,124,245,2,0.357,-143.13,7,198,5,0.282,-169.74,19,206
11239,8,0.316,-29.858,124,223,NA,NA,NA,NA,NA,16,0.268,-10.387,150,234
11262,12,0.215,-7.519,142,252,20,0.107,-90,200,284,20,0.107,-90,200,284
11296,8,0.139,-124.05,92,195,NA,NA,NA,NA,NA,8,0.229,-129.865,80,201
11304,14,0.374,0.312,171,247,NA,NA,NA,NA,NA,15,0.206,-16.183,174,249
11312,10,0.166,1.152,153,254,NA,NA,NA,NA,NA,NA,NA,NA,NA,NA
11320,8,0.288,-129.913,53,200,NA,NA,NA,NA,NA,6,0.187,-137.376,53,200
11338,5,0.213,-145.755,55,212,NA,NA,NA,NA,NA,NA,NA,NA,NA,NA
11403,6,0.19,-158.296,65,183,NA,NA,NA,NA,NA,10,0.039,-104.204,159,254
11429,3,0.305,-129.058,29,190,NA,NA,NA,NA,NA,5,0.153,-120.168,68,212
11460,13,0.291,0.432,172,279,15,0.06,-137.062,135,231,NA,NA,NA,NA,NA
11486,15,0.055,-115.593,153,223,NA,NA,NA,NA,NA,12,0.208,-133.485,89,224
11544,8,0.204,-116.386,74,195,NA,NA,NA,NA,NA,NA,NA,NA,NA,NA
11551,8,0.204,-111.535,88,201,NA,NA,NA,NA,NA,10,0.245,-113.044,82,196
11619,10,0.077,-80.876,112,208,NA,NA,NA,NA,NA,NA,NA,NA,NA,NA
11627,3,0.328,-105.973,49,180,NA,NA,NA,NA,NA,11,0.137,-122.275,90,210
11635,7,0.094,-126.169,83,196,NA,NA,NA,NA,NA,6,0.27,-124.058,51,192
11718,5,0.209,-113.518,41,198,NA,NA,NA,NA,NA,2,0.41,-125.538,10,197
11759,10,0.154,-116.884,89,189,NA,NA,NA,NA,NA,NA,NA,NA,NA,NA
11767,10,0.165,-22.695,127,214,NA,NA,NA,NA,NA,NA,NA,NA,NA,NA
11858,10,0.115,-55.474,104,209,NA,NA,NA,NA,NA,10,0.309,-11.645,154,236
11874,7,0.093,-106.466,92,202,NA,NA,NA,NA,NA,NA,NA,NA,NA,NA
11882,3,0.079,-77.02,74,201,NA,NA,NA,NA,NA,10,0.036,-27.295,120,226
11932,5,0.18,-85.962,62,193,NA,NA,NA,NA,NA,10,0.1,-90,100,206
11940,3,0.332,-131.5,49,187,NA,NA,NA,NA,NA,15,0.162,-13.965,164,257
11965,5,0.406,-127.544,52,192,NA,NA,NA,NA,NA,10,0.253,-142.215,55,196
11981,5,0.09,-86.952,83,212,8,0.073,-64.927,113,245,8,0.134,-8.032,132,240
12005,10,0.103,-0.138,139,249,10,0.279,-162.715,84,211,10,0.1,-90,100,206
12013,5,0.161,-108.931,49,203,NA,NA,NA,NA,NA,4,0.191,-143.439,51,193
12070,5,0.313,-138.607,63,202,NA,NA,NA,NA,NA,5,0.108,-25.759,104,235
12096,10,0.115,-63.704,115,212,NA,NA,NA,NA,NA,15,0.412,-2.659,170,261
12161,5,0.137,-99.362,103,228,NA,NA,NA,NA,NA,6,0.253,-172.97,39,199
12195,8,0.09,-108.595,81,217,NA,NA,NA,NA,NA,NA,NA,NA,NA,NA
12203,10,0.09,-132.587,106,208,NA,NA,NA,NA,NA,15,0.206,-13.333,187,274
12211,7,0.233,-87.051,67,181,NA,NA,NA,NA,NA,6,0.063,-108.102,78,204
12260,7,0.129,-115.132,75,201,NA,NA,NA,NA,NA,10,0.074,-112.393,109,217
12302,8,0.124,-35.462,113,226,NA,NA,NA,NA,NA,10,0.099,-106.202,92,203
12310,5,0.096,-52.899,109,213,NA,NA,NA,NA,NA,10,0.247,-98.768,91,186
12385,12,0.117,-6.619,147,264,8,0.282,-155.185,55,205,11,0.392,-110.572,72,179
12393,14,0.136,-128.25,101,197,7,0.153,-119.473,69,192,15,0.443,-118.55,90,194
12401,15,0.222,-112.248,111,198,NA,NA,NA,NA,NA,NA,NA,NA,NA,NA
12435,10,0.286,-154.849,58,200,NA,NA,NA,NA,NA,10,0.082,-97.933,101,209
12500,5,0.268,-140.052,44,203,NA,NA,NA,NA,NA,6,0.099,-70.644,78,195
12526,20,0.19,-29.733,143,254,NA,NA,NA,NA,NA,5,0.12,-77.313,78,212
12534,10,0.093,-64.526,121,245,NA,NA,NA,NA,NA,6,0.085,-139.39,107,206
12542,8,0.155,-45.753,110,208,NA,NA,NA,NA,NA,10,0.296,-148.722,71,201
12567,6,0.095,-36.657,106,231,NA,NA,NA,NA,NA,4,0.063,-63.014,81,193
12591,10,0.207,-3.54,151,259,NA,NA,NA,NA,NA,15,0.132,-17.438,142,242
12658,5,0.129,-41.787,104,210,NA,NA,NA,NA,NA,NA,NA,NA,NA,NA
12682,13,0.01,-70.873,144,266,11,0.244,-153.209,92,208,12,0.1,-138.122,108,218
12690,13,0.149,-15.38,162,251,15,0.216,-13.786,184,270,18,0.124,-11.103,195,277
12757,5,0.327,-122.41,70,184,NA,NA,NA,NA,NA,10,0.119,-132.119,81,195
12773,5,0.431,-129.434,43,201,NA,NA,NA,NA,NA,8,0.147,-140.387,76,212
12799,12,0.202,-4.074,148,256,NA,NA,NA,NA,NA,14,0.055,-63.731,136,230
12831,9,0.104,-104.381,92,195,NA,NA,NA,NA,NA,12,0.088,-70.433,102,205
12849,10,0.123,-172.24,111,245,NA,NA,NA,NA,NA,20,0.208,-141.272,97,231
12948,10,0.083,-142.53,104,215,NA,NA,NA,NA,NA,10,0.176,-13.248,161,247
13045,12,0.095,-115.613,110,223,NA,NA,NA,NA,NA,NA,NA,NA,NA,NA
13078,4,0.134,-156.522,65,208,NA,NA,NA,NA,NA,10,0.25,-116.241,75,196
13128,14,0.226,9.014,138,249,NA,NA,NA,NA,NA,4,0.344,1.598,138,263
13144,15,0.369,-127.361,71,198,NA,NA,NA,NA,NA,10,0.112,-111.749,92,199
13151,10,0.075,-102.707,104,203,10,0.098,-128.102,96,208,NA,NA,NA,NA,NA
13169,12,0.203,-14.319,148,231,NA,NA,NA,NA,NA,6,0.21,-111.106,73,183
13177,10,0.179,-17.864,114,227,NA,NA,NA,NA,NA,10,0.14,-155.696,89,213
13243,6,0.232,-121.809,55,183,NA,NA,NA,NA,NA,NA,NA,NA,NA,NA
13276,5,0.33,-118.668,44,206,4,0.235,-139.885,40,192,5,0.287,-120.225,45,200
13284,10,0.162,-134.818,82,190,NA,NA,NA,NA,NA,10,0.182,-113.159,90,200
13300,7,0.064,-91.159,91,203,NA,NA,NA,NA,NA,10,0.283,-124.416,72,187
13441,10,0.192,-128.178,85,195,NA,NA,NA,NA,NA,15,0.235,-98.899,104,197
13458,12,0.14,-17.921,144,237,NA,NA,NA,NA,NA,7,0.314,-134.771,61,184
13615,3,0.241,-114.26,48,195,NA,NA,NA,NA,NA,15,0.108,-43.689,144,227
13698,15,0.272,-8.283,150,257,NA,NA,NA,NA,NA,8,0.09,-105.997,109,211
13706,8,0.353,-134.537,67,189,NA,NA,NA,NA,NA,12,0.188,-130.694,102,217
13979,10,0.098,-108.884,90,227,NA,NA,NA,NA,NA,5,0.218,-135.121,49,207
13995,12,0.37,-0.779,161,287,NA,NA,NA,NA,NA,5,0.174,-5.849,122,240
14001,10,0.195,-156.362,98,224,NA,NA,NA,NA,NA,NA,NA,NA,NA,NA
14027,7,0.149,-146.197,58,194,7,0.272,-132.899,44,188,4,0.47,-133.341,42,188
14092,10,0.029,-231.207,155,285,NA,NA,NA,NA,NA,10,0.123,-35.499,159,248
14100,10,0.235,-7.861,134,227,NA,NA,NA,NA,NA,NA,NA,NA,NA,NA
14118,13,0.234,-65.384,133,229,NA,NA,NA,NA,NA,NA,NA,NA,NA,NA
14159,15,0.257,-6.161,150,252,12,0.257,-1.861,163,267,20,0.107,-90,200,284
14175,10,0.288,-122.794,65,192,NA,NA,NA,NA,NA,10,0.275,-1.417,158,245
14266,11,0.088,-85.227,95,200,NA,NA,NA,NA,NA,2,0.492,-117.398,36,183
14282,11,0.177,-166.104,104,222,NA,NA,NA,NA,NA,NA,NA,NA,NA,NA
14373,14,0.325,-29.698,136,206,NA,NA,NA,NA,NA,NA,NA,NA,NA,NA
14399,6,0.402,-3.301,143,267,NA,NA,NA,NA,NA,5,0.298,-62.372,99,201
14449,6,0.168,-130.491,91,203,NA,NA,NA,NA,NA,8,0.344,-8.708,159,253
14464,8,0.228,-128.333,85,197,11,0.105,-121.665,103,218,9,0.151,-18.639,121,236
14506,6,0.254,-111.285,82,183,NA,NA,NA,NA,NA,NA,NA,NA,NA,NA
14522,5,0.203,-123.662,68,191,NA,NA,NA,NA,NA,15,0.087,-103.704,125,219
14548,5,0.114,-105.767,90,217,5,0.14,-124.426,62,207,8,0.079,-99.514,100,213
14563,14,0.044,-88.146,125,205,NA,NA,NA,NA,NA,10,0.147,-112.295,98,207
14589,7,0.131,-115.434,91,181,5,0.199,-121.382,56,204,5,0.265,-118.702,48,198
14597,20,0.154,-22.194,180,258,NA,NA,NA,NA,NA,NA,NA,NA,NA,NA
14852,6,0.19,-131.949,55,184,NA,NA,NA,NA,NA,15,0.281,-130.417,92,201
14878,5,0.244,-99.259,74,202,NA,NA,NA,NA,NA,10,0.397,-9.622,145,230
15032,12,0.216,-48.766,110,207,12,0.108,-133.214,111,231,8,0.274,-131.465,53,200
15057,10,0.047,-84.833,105,221,11,0.128,-28.497,124,228,10,0.266,-4.467,124,243
15065,9,0.162,-20.435,132,230,13,0.222,-16.492,139,222,10,0.379,-4.974,158,253
15099,13,0.047,-31.709,139,249,NA,NA,NA,NA,NA,8,0.28,-108.039,70,189
15115,10,0.196,-18.318,111,210,NA,NA,NA,NA,NA,NA,NA,NA,NA,NA
15198,12,0.248,-1.965,163,270,13,0.051,-19.332,143,248,13,0.153,1.545,148,260
15230,4,0.29,-155.97,41,196,NA,NA,NA,NA,NA,11,0.1,-136.745,100,217
15263,20,0.129,-123.614,190,275,NA,NA,NA,NA,NA,20,0.157,-136.766,184,279
15289,5,0.189,-134.574,94,219,NA,NA,NA,NA,NA,19,0.107,-14.588,177,263
15370,12,0.296,-8.868,161,264,5,0.099,-80.603,77,204,NA,NA,NA,NA,NA
15396,10,0.106,-130.839,106,218,NA,NA,NA,NA,NA,NA,NA,NA,NA,NA
15420,1,0.252,-158.772,21,197,NA,NA,NA,NA,NA,5,0.19,-13.352,156,261
15438,10,0.101,-78.338,98,218,NA,NA,NA,NA,NA,10,0.112,-12.831,147,262
15552,15,0.156,-37.389,148,230,NA,NA,NA,NA,NA,10,0.239,-4.902,146,241
15560,12,0.195,-143.048,72,213,8,0.122,-52.725,111,223,2,0.504,-101.974,50,174
15602,5,0.124,-43.902,93,224,NA,NA,NA,NA,NA,NA,NA,NA,NA,NA
15636,15,0.166,-78.158,121,223,NA,NA,NA,NA,NA,13,0.186,-140.388,106,212
15743,12,0.142,-124.829,95,214,NA,NA,NA,NA,NA,14,0.211,-128.64,77,186
15842,20,0.167,-154.073,178,287,NA,NA,NA,NA,NA,20,0.107,-90,200,284
15859,12,0.107,-38.912,114,214,8,0.166,-140.334,90,209,15,0.185,-29.229,132,227
15875,10,0.082,-88.274,106,211,NA,NA,NA,NA,NA,5,0.164,-132.352,56,205
15958,20,0.077,-100.756,176,285,NA,NA,NA,NA,NA,20,0.113,-108.386,195,277
16121,7,0.057,-139.898,82,204,NA,NA,NA,NA,NA,3,0.386,-127.673,32,190
16147,10,0.066,-92.908,88,215,NA,NA,NA,NA,NA,10,0.1,-90,100,206
16220,5,0.175,-17.503,130,228,NA,NA,NA,NA,NA,10,0.083,-114.179,103,215
16261,7,0.125,-96.786,83,184,NA,NA,NA,NA,NA,10,0.092,-104.127,96,199
16279,10,0.218,-154.442,86,218,NA,NA,NA,NA,NA,10,0.113,-3.267,142,246
16345,4,0.448,-147.977,21,199,NA,NA,NA,NA,NA,4,0.354,-149.548,23,198
16360,5,0.239,-104.155,53,197,NA,NA,NA,NA,NA,NA,NA,NA,NA,NA
16402,11,0.066,-110.263,118,222,NA,NA,NA,NA,NA,NA,NA,NA,NA,NA
16436,12,0.141,-118.274,106,211,15,0.376,-118.403,91,193,16,0.3,-7.314,186,280
16451,15,0.188,-21.842,132,228,NA,NA,NA,NA,NA,10,0.201,-16.437,125,229
16519,12,0.078,-101.949,103,222,NA,NA,NA,NA,NA,8,0.134,-8.045,114,248
16568,10,0.245,-123.341,62,189,NA,NA,NA,NA,NA,10,0.375,-136.521,37,202
16584,2,0.294,-141.165,24,188,NA,NA,NA,NA,NA,1,0.234,-117.503,47,198
16592,8,0.201,-10.223,126,238,NA,NA,NA,NA,NA,12,0.081,-95.854,147,243
16600,10,0.17,-2.07,139,251,10,0.208,-3.702,146,251,20,0.336,-16.875,183,266
16618,15,0.103,-121.142,113,217,NA,NA,NA,NA,NA,20,0.107,-90,200,284
16634,6,0.153,-100.786,81,211,8,0.24,-119.498,79,189,8,0.283,-133.354,54,200
16642,12,0.109,-8.283,161,259,NA,NA,NA,NA,NA,NA,NA,NA,NA,NA
16733,20,0.179,-143.051,180,280,NA,NA,NA,NA,NA,20,0.108,-93.803,199,283
16790,10,0.173,-8.626,152,238,NA,NA,NA,NA,NA,15,0.211,-18.135,168,257
16832,6,0.35,-126.968,55,184,NA,NA,NA,NA,NA,5,0.201,-134.496,59,195
16907,20,0.091,-56.581,187,274,NA,NA,NA,NA,NA,20,0.081,-90,175,273
16964,12,0.154,-111.842,112,200,NA,NA,NA,NA,NA,5,0.089,-87.621,94,214
17004,8,0.153,-128.525,89,211,NA,NA,NA,NA,NA,NA,NA,NA,NA,NA
17046,12,0.289,-1.902,157,254,20,0.107,-90,200,284,20,0.173,-141.63,181,279
17095,20,0.252,-8.133,194,299,NA,NA,NA,NA,NA,15,0.259,-15.202,168,254
17103,10,0.113,-18.605,175,261,NA,NA,NA,NA,NA,10,0.061,-13.209,150,246
17285,5,0.414,-138.264,38,195,NA,NA,NA,NA,NA,6,0.213,-128.196,66,185
17392,5,0.195,0.04,165,287,NA,NA,NA,NA,NA,10,0.214,-4.047,135,234
17491,5,0.176,-26.035,118,230,NA,NA,NA,NA,NA,NA,NA,NA,NA,NA
17558,4,0.37,-107.736,54,177,NA,NA,NA,NA,NA,8,0.142,-68.092,97,209
17657,15,0.218,-10.307,165,246,NA,NA,NA,NA,NA,10,0.082,-91.812,100,202
17715,20,0.107,-90,179,280,NA,NA,NA,NA,NA,NA,NA,NA,NA,NA
17830,5,0.191,-131.563,69,213,NA,NA,NA,NA,NA,NA,NA,NA,NA,NA
17947,11,0.134,-6.133,154,248,NA,NA,NA,NA,NA,NA,NA,NA,NA,NA
17954,5,0.162,-125.958,69,203,NA,NA,NA,NA,NA,7,0.091,-99.839,91,197
18010,2,0.417,-117.007,24,189,NA,NA,NA,NA,NA,18,0.237,-164.901,104,229
18051,15,0.328,-9.4,181,259,NA,NA,NA,NA,NA,19,0.17,-3.708,165,259
18077,5,0.203,-152.691,70,216,NA,NA,NA,NA,NA,NA,NA,NA,NA,NA
18093,20,0.107,-90,200,284,NA,NA,NA,NA,NA,20,0.107,-90,200,284
18101,15,0.087,-46.064,142,255,NA,NA,NA,NA,NA,12,0.075,-18.767,141,254
18127,20,0.113,-108.386,195,277,NA,NA,NA,NA,NA,NA,NA,NA,NA,NA
18150,10,0.262,-136.535,75,202,NA,NA,NA,NA,NA,NA,NA,NA,NA,NA
18168,5,0.251,-107.741,70,206,10,0.151,-131.181,95,177,10,0.114,-96.44,102,200
18333,5,0.085,-95.936,75,213,NA,NA,NA,NA,NA,5,0.336,-151.049,60,205
18416,12,0.06,-105.395,107,218,NA,NA,NA,NA,NA,5,0.149,-146.117,89,212
18556,10,0.104,-125.275,107,214,NA,NA,NA,NA,NA,10,0.281,0.887,145,264
18598,20,0.278,-145.376,117,248,NA,NA,NA,NA,NA,19,0.096,-13.641,190,275
18606,15,0.124,-39.245,142,247,NA,NA,NA,NA,NA,NA,NA,NA,NA,NA
18754,7,0.196,6.981,123,236,20,0.107,-90,200,284,20,0.107,-90,200,284
18770,13,0.228,-15.539,156,240,NA,NA,NA,NA,NA,13,0.19,-11.659,164,254
18804,9,0.076,-75.587,108,210,NA,NA,NA,NA,NA,NA,NA,NA,NA,NA
18978,10,0.263,-117.718,71,199,NA,NA,NA,NA,NA,NA,NA,NA,NA,NA
19000,12,0.179,-9.196,131,243,17,0.089,-72.26,155,251,NA,NA,NA,NA,NA
19026,20,0.107,-90,200,284,20,0.179,-143.051,180,280,20,0.179,-143.051,180,280
19042,5,0.246,-142.175,55,203,3,0.515,-146.033,22,194,5,0.097,-71.787,92,210
19059,5,0.307,-108.785,92,186,14,0.329,3.387,143,250,20,0.179,-143.051,180,280
19075,20,0.244,-14.552,183,293,NA,NA,NA,NA,NA,20,0.129,-56.379,188,276
19257,5,0.104,-58.247,102,233,NA,NA,NA,NA,NA,10,0.096,-149.833,109,215
19265,8,0.153,-154.965,95,233,10,0.057,-140.566,109,214,12,0.041,140.313,128,265
19398,10,0.087,-151.131,93,243,NA,NA,NA,NA,NA,13,0.115,-149.411,108,227
19455,12,0.075,-15.204,142,248,NA,NA,NA,NA,NA,4,0.334,-110.756,49,180
19463,20,0.107,-90,200,284,NA,NA,NA,NA,NA,20,0.107,-90,200,284
19513,4,0.111,-150.297,90,210,NA,NA,NA,NA,NA,18,0.356,-136.7,102,234
19554,5,0.289,-111.046,51,193,NA,NA,NA,NA,NA,6,0.092,-128.366,76,212
19612,20,0.084,-64.899,185,277,NA,NA,NA,NA,NA,20,0.152,-134.918,185,279
19653,5,0.352,-153.352,71,187,13,0.065,-76.719,122,215,15,0.066,-58.425,128,230
19745,13,0.228,-99.18,104,211,NA,NA,NA,NA,NA,11,0.083,-69.186,122,217
19802,4,0.242,-178.871,24,202,NA,NA,NA,NA,NA,9,0.125,-62.728,119,204
19935,5,0.4,-131.923,58,186,NA,NA,NA,NA,NA,5,0.208,-119.766,86,214
20131,6,0.304,1.311,139,245,NA,NA,NA,NA,NA,8,0.318,-19.038,126,228
20321,10,0.115,-11.576,171,249,NA,NA,NA,NA,NA,20,0.107,-90,200,284
20404,10,0.44,-136.908,46,197,NA,NA,NA,NA,NA,10,0.123,-118.732,99,200
20487,5,0.123,-53.962,94,219,NA,NA,NA,NA,NA,NA,NA,NA,NA,NA
20495,10,0.12,-4.642,147,231,NA,NA,NA,NA,NA,NA,NA,NA,NA,NA
20594,20,0.129,-123.614,190,275,NA,NA,NA,NA,NA,1,0.277,-26.061,115,207
20677,12,0.194,-20.256,127,236,NA,NA,NA,NA,NA,15,0.244,-15.033,158,265
20735,10,0.084,-112.085,95,207,NA,NA,NA,NA,NA,10,0.181,-135.589,73,192
20743,3,0.492,-125.316,28,192,NA,NA,NA,NA,NA,8,0.289,-0.938,145,288
20784,10,0.081,-25.986,98,217,NA,NA,NA,NA,NA,7,0.045,-49.499,114,231
20818,2,0.344,-136.528,26,195,NA,NA,NA,NA,NA,1,0.29,170.054,47,230
20826,20,0.255,-11.334,185,291,NA,NA,NA,NA,NA,17,0.113,-21.433,182,266
20933,10,0.262,1.842,178,279,NA,NA,NA,NA,NA,20,0.108,-39.708,155,247
21006,5,0.265,-127.35,51,199,3,0.396,-127.955,27,190,1,0.265,-134.042,22,195
21030,10,0.29,-132.677,58,194,10,0.08,-92.644,96,202,5,0.359,-154.225,45,208
21063,13,0.149,-140.261,112,217,NA,NA,NA,NA,NA,5,0.167,-111.919,91,208
21071,8,0.07,-96.71,98,218,NA,NA,NA,NA,NA,5,0.26,-108.193,59,196
21089,4,0.34,-0.949,113,233,NA,NA,NA,NA,NA,NA,NA,NA,NA,NA
21147,7,0.196,-114.5,77,188,NA,NA,NA,NA,NA,10,0.249,-138.342,96,213
21238,14,0.027,-57.209,121,207,NA,NA,NA,NA,NA,5,0.096,-97.063,107,213
21287,6,0.411,-137.233,45,193,NA,NA,NA,NA,NA,8,0.241,-115.637,72,202
21303,15,0.147,-123.6,99,219,12,0.211,-54.742,132,240,4,0.349,-154.913,61,193
21352,10,0.254,-6.245,165,263,NA,NA,NA,NA,NA,10,0.339,-0.437,157,242
21394,3,0.379,-168.191,75,195,NA,NA,NA,NA,NA,NA,NA,NA,NA,NA
21436,11,0.046,-94.701,115,214,NA,NA,NA,NA,NA,10,0.262,-131.234,91,209
21600,5,0.305,-137.939,50,204,NA,NA,NA,NA,NA,3,0.202,-135,5,198
21634,15,0.317,-143.375,51,205,NA,NA,NA,NA,NA,NA,NA,NA,NA,NA
21659,11,0.236,-160.262,92,211,NA,NA,NA,NA,NA,5,0.233,-160.976,54,220
21691,18,0.357,-150.101,108,212,NA,NA,NA,NA,NA,NA,NA,NA,NA,NA
21717,10,0.105,-90,100,202,NA,NA,NA,NA,NA,NA,NA,NA,NA,NA
21733,2,0.537,-135.364,20,195,NA,NA,NA,NA,NA,NA,NA,NA,NA,NA
21741,20,0.179,-143.051,180,280,NA,NA,NA,NA,NA,10,0.02,-111.29,169,286
21758,20,0.107,-90,200,284,NA,NA,NA,NA,NA,20,0.107,-90,200,284
21816,10,0.351,-155.714,53,196,NA,NA,NA,NA,NA,10,0.084,-148.39,150,262
21931,12,0.422,-138.191,50,202,NA,NA,NA,NA,NA,13,0.08,-116.743,114,221
22020,20,0.107,-90,200,284,NA,NA,NA,NA,NA,15,0.136,-177.851,132,206
22053,14,0.043,-118.436,126,221,NA,NA,NA,NA,NA,15,0.089,-24.098,153,247
22129,12,0.153,-94.006,98,196,NA,NA,NA,NA,NA,10,0.156,-152.672,74,209
22152,10,0.027,-93.809,162,270,NA,NA,NA,NA,NA,20,0.107,-90,200,284
22160,10,0.403,-2.798,160,244,NA,NA,NA,NA,NA,10,0.31,2.293,179,283
22186,15,0.126,-92.442,114,206,NA,NA,NA,NA,NA,14,0.221,-152.943,109,179
22202,12,0.062,-20.057,139,252,NA,NA,NA,NA,NA,5,0.115,-57.759,102,215
22236,14,0.177,-12.48,144,237,NA,NA,NA,NA,NA,10,0.204,-159.351,65,196
22277,5,0.128,-26.703,124,221,NA,NA,NA,NA,NA,20,0.107,-90,200,284
22335,6,0.342,-137.841,60,200,NA,NA,NA,NA,NA,20,0.548,-139.095,122,236
22418,10,0.074,-92.453,109,206,NA,NA,NA,NA,NA,15,0.124,-112.783,123,213
22442,9,0.176,-72.731,99,203,NA,NA,NA,NA,NA,4,0.118,-142.41,59,208
22467,17,0.1,-142.17,129,229,NA,NA,NA,NA,NA,2,0.038,-80.325,95,208
22525,11,0.146,-27.513,136,237,NA,NA,NA,NA,NA,5,0.12,-1.18,114,271
22558,12,0.09,-28.403,132,233,NA,NA,NA,NA,NA,20,0.26,-7.758,193,299
22566,15,0.211,-17.189,145,230,15,0.083,-14.587,152,259,15,0.05,-45.951,142,236
22640,20,0.107,-90,200,284,NA,NA,NA,NA,NA,20,0.107,-90,200,284
22715,10,0.05,-101.52,107,215,NA,NA,NA,NA,NA,10,0.144,-32.455,115,212
22723,5,0.236,-149.525,41,206,NA,NA,NA,NA,NA,5,0.285,-138.022,67,201
22822,15,0.421,-154.885,65,206,NA,NA,NA,NA,NA,20,0.108,-93.808,179,279
22830,8,0.241,-9.649,125,230,NA,NA,NA,NA,NA,8,0.327,-131.406,80,196
22863,5,0.143,-14.057,117,233,10,0.159,-138.494,80,194,10,0.238,-102.081,103,192
22871,5,0.091,-181.327,109,201,NA,NA,NA,NA,NA,12,0.105,-126.294,104,213
22889,20,0.107,-90,200,284,NA,NA,NA,NA,NA,10,0.264,-140.153,92,202
22897,6,0.172,-122.779,48,192,5,0.288,-119.768,47,204,10,0.489,-145.888,58,187
22905,11,0.04,-76.441,116,235,NA,NA,NA,NA,NA,12,0.217,-9.284,145,223
22913,20,0.192,-21.395,185,266,NA,NA,NA,NA,NA,NA,NA,NA,NA,NA
22996,8,0.259,-10.082,124,222,NA,NA,NA,NA,NA,NA,NA,NA,NA,NA
23077,5,0.185,-83.924,83,210,NA,NA,NA,NA,NA,8,0.124,-87.369,102,209
23150,20,0.179,-143.051,180,280,20,0.297,-147.408,165,281,20,0.147,-165.848,160,285
23168,10,0.135,-34.012,115,216,NA,NA,NA,NA,NA,8,0.212,-36.227,101,218
23176,5,0.173,-107.424,81,204,NA,NA,NA,NA,NA,10,0.374,-136.474,78,192
23192,20,0.041,-87.757,188,287,19,0.225,-97.554,93,191,NA,NA,NA,NA,NA
23218,19,0.093,-139.941,189,266,NA,NA,NA,NA,NA,20,0.196,-10.637,195,294
23275,12,0.077,-91.63,108,225,9,0.1,-119.287,94,203,5,0.083,-96.097,84,215
23283,10,0.148,-14.715,145,246,NA,NA,NA,NA,NA,10,0.178,-139.396,90,202
23317,13,0.068,-37.565,124,224,NA,NA,NA,NA,NA,10,0.11,-152.134,103,215
23341,15,0.395,-5.259,160,259,NA,NA,NA,NA,NA,NA,NA,NA,NA,NA
23390,10,0.138,-129.383,86,201,NA,NA,NA,NA,NA,12,0.115,-89.593,85,209
23416,18,0.464,-3.55,186,269,NA,NA,NA,NA,NA,20,0.105,-39.8,129,250
23499,5,0.096,-73.843,90,213,5,0.284,-0.598,142,267,15,0.137,-21.296,191,267
23523,5,0.145,-19.174,122,242,5,0.308,-146.387,59,197,10,0.31,-133.303,57,189
23531,10,0.129,-80.991,106,210,NA,NA,NA,NA,NA,10,0.047,-136.051,87,231
23580,10,0.109,-115.712,84,206,NA,NA,NA,NA,NA,NA,NA,NA,NA,NA
23648,5,0.355,-127.075,42,198,NA,NA,NA,NA,NA,2,0.616,-138.348,29,195
23713,7,0.4,-171.421,36,197,NA,NA,NA,NA,NA,10,0.443,-165.324,42,200
23747,5,0.13,-131.163,80,215,NA,NA,NA,NA,NA,5,0.084,-70.354,111,231
23762,5,0.217,-117.966,73,191,NA,NA,NA,NA,NA,NA,NA,NA,NA,NA
23838,8,0.141,-22.088,148,240,NA,NA,NA,NA,NA,17,0.057,-120,130,222
23986,13,0.097,-48.606,137,228,NA,NA,NA,NA,NA,8,0.087,-36.322,100,222
24059,9,0.319,-0.317,153,257,NA,NA,NA,NA,NA,20,0.318,-8.26,184,289
24067,10,0.132,-54.796,100,206,NA,NA,NA,NA,NA,NA,NA,NA,NA,NA
24091,5,0.222,-10.583,135,255,10,0.392,-144.437,59,204,10,0.083,-71.217,130,223
24125,8,0.226,-24.83,120,220,NA,NA,NA,NA,NA,10,0.076,-91.617,114,211
24190,5,0.392,-7.215,148,251,10,0.08,-55.012,114,232,10,0.272,-7.839,149,254
24216,5,0.172,-132.037,64,202,NA,NA,NA,NA,NA,5,0.12,-87.029,76,203
24224,4,0.34,-126.327,39,189,NA,NA,NA,NA,NA,NA,NA,NA,NA,NA
24281,5,0.218,-127.301,71,195,NA,NA,NA,NA,NA,13,0.157,-77.582,108,216
24307,5,0.149,-19.614,90,228,NA,NA,NA,NA,NA,15,0.051,-101.26,127,236
24349,10,0.193,-149.926,65,204,NA,NA,NA,NA,NA,4,0.285,-121.139,51,180
24356,4,0.229,-146.514,43,195,4,0.34,-135.191,68,196,10,0.274,-146.055,56,203
24406,10,0.214,1.723,143,266,NA,NA,NA,NA,NA,10,0.153,-147.976,87,193
24414,10,0.09,-84.665,105,207,NA,NA,NA,NA,NA,NA,NA,NA,NA,NA
24430,5,0.064,-85.889,84,210,20,0.107,-90,200,284,20,0.107,-90,200,284
24463,7,0.068,-71.753,95,201,NA,NA,NA,NA,NA,5,0.209,-8.147,144,241
24471,1,0.115,-105.948,49,187,15,0.17,-32.726,170,247,5,0.353,-133.06,38,208
24489,12,0.317,-2.841,164,258,NA,NA,NA,NA,NA,5,0.131,-111.292,86,217
24604,20,0.254,-169.675,145,277,NA,NA,NA,NA,NA,NA,NA,NA,NA,NA
24711,4,0.337,-120.311,48,181,NA,NA,NA,NA,NA,4,0.048,-58.907,87,217
24752,15,0.224,-37.982,135,218,NA,NA,NA,NA,NA,13,0.121,-167.505,94,224
24828,10,0.145,-13.544,172,260,NA,NA,NA,NA,NA,20,0.179,-143.051,180,280
24836,20,0.357,-6.887,191,297,NA,NA,NA,NA,NA,20,0.189,-16.787,161,264
24844,10,0.105,-102.932,80,205,NA,NA,NA,NA,NA,5,0.067,-90.58,86,215
24851,15,0.292,-11.941,160,257,NA,NA,NA,NA,NA,10,0.205,-149.925,53,200
24885,5,0.288,-129.973,62,205,NA,NA,NA,NA,NA,NA,NA,NA,NA,NA
24927,5,0.109,-118.002,94,208,NA,NA,NA,NA,NA,7,0.234,-116.272,64,178
24935,15,0.111,-159.572,124,245,NA,NA,NA,NA,NA,10,0.085,-11.697,150,248
24943,12,0.242,-114.164,85,191,NA,NA,NA,NA,NA,10,0.098,-116.65,87,214
24976,10,0.116,-65.759,113,213,10,0.06,-90,168,275,20,0.179,-143.051,180,280
25007,15,0.118,-108.179,114,217,NA,NA,NA,NA,NA,13,0.087,-98.867,111,212
25064,3,0.299,-160.201,26,194,NA,NA,NA,NA,NA,10,0.242,-116.662,81,205
25072,10,0.326,-133.832,72,183,NA,NA,NA,NA,NA,10,0.403,-138.682,55,191
25098,15,0.446,-166.065,75,203,NA,NA,NA,NA,NA,15,0.282,-155.094,123,224
25148,7,0.192,-101.522,66,184,NA,NA,NA,NA,NA,5,0.246,-141.697,49,203
25262,7,0.147,-102.218,81,193,NA,NA,NA,NA,NA,NA,NA,NA,NA,NA
25338,10,0.108,-123.746,111,209,NA,NA,NA,NA,NA,20,0.113,-108.386,195,277
25353,12,0.085,-110.952,112,213,NA,NA,NA,NA,NA,10,0.034,-58.796,123,225
25387,1,0.376,-147.807,21,198,NA,NA,NA,NA,NA,2,0.202,-135,4,198
25395,13,0.073,-145.832,103,203,NA,NA,NA,NA,NA,12,0.226,-134.847,121,228
25403,4,0.265,-143.009,46,199,NA,NA,NA,NA,NA,5,0.25,-127.449,45,204
25445,10,0.095,-124.913,101,208,NA,NA,NA,NA,NA,NA,NA,NA,NA,NA
25460,3,0.24,-144.682,42,195,NA,NA,NA,NA,NA,8,0.097,-38.241,117,205
25502,10,0.339,-152.27,60,203,NA,NA,NA,NA,NA,4,0.439,-166.185,31,197
25510,10,0.187,-90.624,83,195,13,0.218,-2.038,150,251,15,0.172,-5.402,154,256
25544,7,0.1,-75.48,97,203,NA,NA,NA,NA,NA,NA,NA,NA,NA,NA
25569,10,0.285,-4.515,170,269,NA,NA,NA,NA,NA,20,0.107,-90,200,284
25619,7,0.26,-109.744,67,185,NA,NA,NA,NA,NA,NA,NA,NA,NA,NA
25684,10,0.26,-11.87,136,235,NA,NA,NA,NA,NA,10,0.496,-144.749,57,195
25742,10,0.291,2.105,163,257,NA,NA,NA,NA,NA,10,0.311,-9.584,163,248
25890,10,0.075,-9.492,142,242,NA,NA,NA,NA,NA,20,0.179,-143.051,180,280
26005,10,0.172,-153.882,125,209,NA,NA,NA,NA,NA,10,0.054,-118.413,99,223
26047,7,0.39,-114.115,63,183,NA,NA,NA,NA,NA,8,0.108,-81.083,93,217
26138,6,0.321,-123.154,56,204,NA,NA,NA,NA,NA,NA,NA,NA,NA,NA
26153,4,0.203,-128.174,44,189,NA,NA,NA,NA,NA,2,0.217,-83.255,44,187
26161,11,0.082,-100.365,84,211,NA,NA,NA,NA,NA,6,0.141,-123.185,76,204
26328,4,0.317,-13.13,111,206,NA,NA,NA,NA,NA,8,0.193,-129.307,73,195
26351,12,0.088,-60.13,133,235,NA,NA,NA,NA,NA,12,0.092,-38.955,176,234
26401,11,0.166,-0.26,150,258,NA,NA,NA,NA,NA,10,0.288,-142.481,45,197
26476,15,0.15,-27.523,140,215,NA,NA,NA,NA,NA,NA,NA,NA,NA,NA
26500,8,0.1,-98.581,77,207,NA,NA,NA,NA,NA,5,0.166,-118.664,78,200
26518,2,0.406,-95.144,54,176,NA,NA,NA,NA,NA,2,0.336,-95.886,79,210
26526,8,0.253,-4.435,133,252,NA,NA,NA,NA,NA,5,0.413,-1.899,158,265
26625,8,0.27,-130.415,72,199,NA,NA,NA,NA,NA,NA,NA,NA,NA,NA
26633,5,0.216,-124.122,57,205,NA,NA,NA,NA,NA,14,0.402,-108.591,74,181
26690,5,0.286,-18.628,109,242,NA,NA,NA,NA,NA,8,0.239,-40.373,122,215
26724,2,0.356,-127.064,28,189,NA,NA,NA,NA,NA,5,0.121,-135.126,45,210
26740,15,0.343,-3.066,173,268,NA,NA,NA,NA,NA,NA,NA,NA,NA,NA
26807,6,0.261,-168.148,52,201,NA,NA,NA,NA,NA,3,0.303,-159.045,37,194
26815,15,0.15,-94.676,134,209,NA,NA,NA,NA,NA,6,0.072,-126.067,75,198
26948,10,0.316,-141.54,61,189,6,0.21,-129.615,47,194,15,0.066,-36.121,153,240
26997,10,0.06,-31.679,124,233,NA,NA,NA,NA,NA,14,0.126,-65.447,116,206
27029,10,0.114,-136.509,90,219,NA,NA,NA,NA,NA,8,0.254,-126.888,81,203
27102,4,0.286,-117.233,50,183,NA,NA,NA,NA,NA,5,0.14,-108.17,62,208
27169,5,0.086,-116.095,80,216,NA,NA,NA,NA,NA,5,0.272,-123.586,62,197
27300,6,0.085,-113.464,82,214,NA,NA,NA,NA,NA,7,0.119,-117.683,70,201
27326,5,0.266,-134.577,66,189,NA,NA,NA,NA,NA,NA,NA,NA,NA,NA
27334,10,0.149,-123.626,95,197,NA,NA,NA,NA,NA,NA,NA,NA,NA,NA
27433,17,0.046,-108.125,195,267,NA,NA,NA,NA,NA,NA,NA,NA,NA,NA
27490,10,0.299,-125.532,87,190,NA,NA,NA,NA,NA,10,0.211,-9.309,132,232
27664,3,0.433,-119.335,58,184,NA,NA,NA,NA,NA,5,0.147,-141.808,82,208
27698,5,0.371,-147.436,62,218,NA,NA,NA,NA,NA,3,0.332,-148.437,46,182
27722,11,0.388,0.14,155,279,NA,NA,NA,NA,NA,NA,NA,NA,NA,NA
27797,5,0.229,-112.205,61,195,NA,NA,NA,NA,NA,9,0.119,-113.032,74,201
27813,5,0.242,-124.843,77,186,NA,NA,NA,NA,NA,NA,NA,NA,NA,NA
27847,19,0.06,-90,199,275,NA,NA,NA,NA,NA,20,0.107,-90,200,284
27862,5,0.211,-103.354,83,189,NA,NA,NA,NA,NA,5,0.143,-24.47,107,230
28043,7,0.089,-81.027,96,201,NA,NA,NA,NA,NA,6,0.439,-132.716,36,190
28076,5,0.345,-3.498,137,255,NA,NA,NA,NA,NA,NA,NA,NA,NA,NA
28092,18,0.075,-161.468,188,274,16,0.04,-110.834,174,265,20,0.179,-143.051,180,280
28142,10,0.399,-119.812,81,181,NA,NA,NA,NA,NA,9,0.104,-137.892,84,206
28399,10,0.063,-98.215,109,209,NA,NA,NA,NA,NA,12,0.148,-136.571,96,209
28431,9,0.236,3.559,148,258,NA,NA,NA,NA,NA,10,0.209,-131.412,66,207
28480,10,0.107,-120.032,102,217,NA,NA,NA,NA,NA,20,0.179,-143.051,180,280
28571,15,0.118,-93.302,133,216,NA,NA,NA,NA,NA,NA,NA,NA,NA,NA
28647,12,0.192,-2.702,157,263,NA,NA,NA,NA,NA,12,0.082,-8.888,146,262
28670,10,0.32,-8.758,155,231,NA,NA,NA,NA,NA,10,0.343,-1.08,179,268
28704,12,0.149,-16.337,176,265,NA,NA,NA,NA,NA,15,0.116,-30.087,181,254
28738,10,0.063,-47.742,110,227,NA,NA,NA,NA,NA,NA,NA,NA,NA,NA
28746,10,0.134,-148.733,94,210,5,0.04,-53.45,120,225,10,0.197,-112.859,94,191
28787,5,0.352,-155.681,40,201,NA,NA,NA,NA,NA,NA,NA,NA,NA,NA
28829,7,0.134,-131.247,79,199,NA,NA,NA,NA,NA,NA,NA,NA,NA,NA
29298,11,0.366,0.695,157,281,NA,NA,NA,NA,NA,10,0.079,-94.391,88,200
29447,10,0.245,1.975,179,284,NA,NA,NA,NA,NA,NA,NA,NA,NA,NA
29520,15,0.069,-108.008,123,224,NA,NA,NA,NA,NA,15,0.045,-137.521,159,256
29538,15,0.2,-11.773,165,257,NA,NA,NA,NA,NA,15,0.142,-39.734,182,247
29629,20,0.107,-90,200,284,NA,NA,NA,NA,NA,20,0.107,-90,200,284
29637,20,0.179,-143.051,180,280,NA,NA,NA,NA,NA,10,0.154,-158.46,170,278
29660,10,0.116,-146.538,91,203,NA,NA,NA,NA,NA,11,0.189,-88.813,89,186
29801,20,0.145,-20.25,144,271,NA,NA,NA,NA,NA,10,0.072,-5.675,175,278
29850,6,0.296,-120.264,62,180,NA,NA,NA,NA,NA,10,0.057,-68.508,111,218
29934,20,0.067,-52.545,164,264,NA,NA,NA,NA,NA,NA,NA,NA,NA,NA
30122,11,0.07,-117.945,110,219,NA,NA,NA,NA,NA,11,0.262,-2.328,150,242
30148,14,0.188,-108.924,78,190,NA,NA,NA,NA,NA,12,0.113,-121.951,108,219
30163,5,0.17,-79.812,81,203,NA,NA,NA,NA,NA,NA,NA,NA,NA,NA
30197,10,0.221,-4.694,139,241,NA,NA,NA,NA,NA,10,0.492,-2.521,155,251
30213,15,0.066,-43.97,165,246,20,0.142,-49.176,191,275,20,0.101,-44.823,190,282
30262,5,0.439,-5.704,114,240,NA,NA,NA,NA,NA,20,0.179,-143.051,180,280
30353,13,0.153,-3.705,152,247,NA,NA,NA,NA,NA,5,0.133,-139.628,72,212
30577,8,0.209,-112.399,76,184,NA,NA,NA,NA,NA,NA,NA,NA,NA,NA
30593,15,0.4,-154.258,85,207,NA,NA,NA,NA,NA,NA,NA,NA,NA,NA
30601,2,0.343,-146.31,9,198,NA,NA,NA,NA,NA,NA,NA,NA,NA,NA
30643,10,0.426,-157.244,32,202,NA,NA,NA,NA,NA,NA,NA,NA,NA,NA
30775,5,0.111,-61.495,108,241,NA,NA,NA,NA,NA,12,0.129,-86.738,117,220
30809,6,0.141,-17.201,102,217,NA,NA,NA,NA,NA,NA,NA,NA,NA,NA
30825,3,0.283,-142.345,31,188,NA,NA,NA,NA,NA,NA,NA,NA,NA,NA
30833,5,0.407,-176.032,49,218,NA,NA,NA,NA,NA,4,0.377,-148.131,40,189
30924,12,0.102,-115.386,103,205,12,0.108,-29.661,130,235,NA,NA,NA,NA,NA
30973,5,0.142,-131.604,73,203,NA,NA,NA,NA,NA,10,0.226,-10.038,142,229
30999,4,0.147,-136.677,42,194,NA,NA,NA,NA,NA,5,0.1,-84.536,84,213
31013,20,0.152,-26.861,199,288,NA,NA,NA,NA,NA,15,0.122,-20.553,135,252
31070,5,0.106,-51.428,102,219,NA,NA,NA,NA,NA,5,0.214,-140.995,50,203
31088,10,0.096,-128.703,95,212,NA,NA,NA,NA,NA,NA,NA,NA,NA,NA
31104,6,0.11,-131.576,89,204,NA,NA,NA,NA,NA,12,0.207,-6.246,156,238
31112,13,0.151,-43.436,129,198,NA,NA,NA,NA,NA,14,0.272,1.454,168,256
31179,5,0.098,-96.703,103,214,NA,NA,NA,NA,NA,9,0.076,-115.251,85,207
31229,10,0.316,-116.457,80,179,NA,NA,NA,NA,NA,NA,NA,NA,NA,NA
31237,15,0.074,-39.675,167,274,NA,NA,NA,NA,NA,20,0.109,-78.682,183,280
31278,4,0.146,-168.69,15,210,NA,NA,NA,NA,NA,0,0,0,0,200
31310,15,0.347,-166.208,83,203,NA,NA,NA,NA,NA,NA,NA,NA,NA,NA
31377,10,0.091,-46.295,96,213,NA,NA,NA,NA,NA,5,0.097,-47.548,100,209
31401,4,0.144,-93.424,87,185,NA,NA,NA,NA,NA,20,0.108,-97.573,198,282
31526,10,0.254,-137.29,104,209,NA,NA,NA,NA,NA,15,0.131,-45.606,141,231
31534,10,0.107,-95.759,96,206,NA,NA,NA,NA,NA,5,0.098,-12.54,120,243
31542,12,0.043,-52.16,123,237,NA,NA,NA,NA,NA,8,0.316,-144.541,63,206
31559,14,0.091,-120.873,101,207,NA,NA,NA,NA,NA,13,0.198,-4.795,134,244
31674,13,0.079,-5.833,154,244,NA,NA,NA,NA,NA,14,0.101,-133.081,100,205
31724,4,0.406,-141.859,25,196,NA,NA,NA,NA,NA,NA,NA,NA,NA,NA
31765,0,0.119,-124.731,81,243,NA,NA,NA,NA,NA,1,0.482,-132.573,33,188
31856,7,0.228,-1.956,118,212,NA,NA,NA,NA,NA,6,0.302,-0.99,129,241
31880,2,0.404,-135,5,199,NA,NA,NA,NA,NA,NA,NA,NA,NA,NA
31906,15,0.257,-149.812,136,210,NA,NA,NA,NA,NA,20,0.25,-13.727,185,290
31922,5,0.302,-149.987,66,197,NA,NA,NA,NA,NA,NA,NA,NA,NA,NA
31971,15,0.283,-133.457,80,204,NA,NA,NA,NA,NA,NA,NA,NA,NA,NA
31997,12,0.114,-11.041,131,244,NA,NA,NA,NA,NA,12,0.086,-141.635,109,226
32003,10,0.179,-60.834,96,195,NA,NA,NA,NA,NA,10,0.245,-126.277,112,237
32052,11,0.231,-38.044,126,219,NA,NA,NA,NA,NA,14,0.112,-27.611,116,208
32078,20,0.388,-149.266,111,213,NA,NA,NA,NA,NA,10,0.2,-0.163,178,281
32110,3,0.641,-151.103,26,190,NA,NA,NA,NA,NA,NA,NA,NA,NA,NA
32128,5,0.209,-136.141,78,215,NA,NA,NA,NA,NA,10,0.097,-110.415,91,201
32151,5,0.3,-120.235,57,194,NA,NA,NA,NA,NA,5,0.259,-129.637,74,195
32177,20,0.179,-143.051,180,280,NA,NA,NA,NA,NA,20,0.107,-90,200,284
32193,1,0.112,-160.585,29,197,NA,NA,NA,NA,NA,20,0.235,-31.444,157,256
32250,20,0.259,-24.291,134,235,NA,NA,NA,NA,NA,15,0.075,-129.44,120,234
32359,5,0.145,-112.759,79,201,NA,NA,NA,NA,NA,5,0.303,-119.306,55,196
32367,5,0.288,-130.72,48,190,NA,NA,NA,NA,NA,6,0.106,-117.193,96,202
32391,11,0.08,-85.834,115,211,NA,NA,NA,NA,NA,10,0.203,-132.305,76,204
32417,3,0.396,-126.948,35,186,NA,NA,NA,NA,NA,7,0.155,-10.429,121,219
32458,9,0.083,-128.99,90,207,NA,NA,NA,NA,NA,9,0.072,-77.093,104,215
32524,20,0.107,-90,200,284,NA,NA,NA,NA,NA,20,0.179,-143.051,180,280
32581,5,0.18,-132.762,81,220,NA,NA,NA,NA,NA,15,0.153,-54.897,122,224
32664,10,0.176,-18.06,132,227,NA,NA,NA,NA,NA,NA,NA,NA,NA,NA
32672,6,0.247,-116.147,58,186,NA,NA,NA,NA,NA,15,0.171,-17.747,148,224
32862,20,0.253,-104.682,99,215,NA,NA,NA,NA,NA,NA,NA,NA,NA,NA
33035,5,0.263,-145.491,75,202,NA,NA,NA,NA,NA,10,0.031,-90,145,254
33050,12,0.278,-34.474,116,226,NA,NA,NA,NA,NA,NA,NA,NA,NA,NA
33092,5,0.334,-139.074,39,204,NA,NA,NA,NA,NA,13,0.139,-3.115,145,252
33100,3,0.382,-136.947,49,182,NA,NA,NA,NA,NA,NA,NA,NA,NA,NA
33134,6,0.343,-117.525,62,175,NA,NA,NA,NA,NA,NA,NA,NA,NA,NA
33183,10,0.116,-118.639,94,203,NA,NA,NA,NA,NA,12,0.112,-76.91,112,221
33217,10,0.178,-5.635,140,238,NA,NA,NA,NA,NA,NA,NA,NA,NA,NA
33316,10,0.079,-116.966,108,210,NA,NA,NA,NA,NA,NA,NA,NA,NA,NA
33407,10,0.402,-121.201,82,195,NA,NA,NA,NA,NA,8,0.145,-87.758,91,216
33431,5,0.192,-151.544,55,205,NA,NA,NA,NA,NA,5,0.284,-129.222,61,198
33449,5,0.355,-4.01,127,249,NA,NA,NA,NA,NA,10,0.356,-143.864,70,197
33464,20,0.17,-145.957,48,208,NA,NA,NA,NA,NA,20,0.308,-158.301,110,231
33522,10,0.086,-90.328,102,204,NA,NA,NA,NA,NA,10,0.097,-52.937,100,211
33530,11,0.135,-15.3,158,262,NA,NA,NA,NA,NA,10,0.116,-129.182,98,207
33639,4,0.328,-149.323,52,192,NA,NA,NA,NA,NA,2,0.497,-135.971,12,192
33753,5,0.337,-117.837,62,199,NA,NA,NA,NA,NA,5,0.233,-149.268,56,216
33803,12,0.256,-5.521,136,244,NA,NA,NA,NA,NA,10,0.073,-17.666,149,249
33829,15,0.356,-151.313,56,201,NA,NA,NA,NA,NA,6,0.137,-136.48,46,197
33845,10,0.244,-77.057,88,200,NA,NA,NA,NA,NA,NA,NA,NA,NA,NA
33894,18,0.108,2.443,165,253,NA,NA,NA,NA,NA,10,0.098,-19.914,152,259
34025,10,0.262,1.842,178,279,NA,NA,NA,NA,NA,NA,NA,NA,NA,NA
34033,15,0.124,-89.402,98,209,NA,NA,NA,NA,NA,6,0.212,-126.957,62,186
34041,12,0.25,-165.919,47,215,NA,NA,NA,NA,NA,4,0.163,-150.453,78,210
34132,12,0.076,-107.1,121,230,NA,NA,NA,NA,NA,12,0.196,-6.195,147,258
34199,12,0.081,-111.222,103,214,NA,NA,NA,NA,NA,5,0.263,-118.09,70,208
34207,5,0.17,-109.592,51,201,NA,NA,NA,NA,NA,3,0,0,3,200
34272,18,0.084,-28.228,173,266,NA,NA,NA,NA,NA,NA,NA,NA,NA,NA
34280,10,0.352,-164.919,82,207,NA,NA,NA,NA,NA,20,0.107,-90,200,284
34314,12,0.13,-12.15,139,229,NA,NA,NA,NA,NA,8,0.148,-16.284,145,226
34421,8,0.066,-60.389,103,223,NA,NA,NA,NA,NA,15,0.18,-139.347,106,226
34470,20,0.224,-126.973,115,230,NA,NA,NA,NA,NA,15,0.124,-22.561,178,270
34520,2,0.438,-117.405,29,190,NA,NA,NA,NA,NA,2,0.203,-60.374,76,188
34538,7,0.258,-131.026,76,177,NA,NA,NA,NA,NA,8,0.069,-86.516,122,239
34629,5,0.243,-135.558,75,212,NA,NA,NA,NA,NA,NA,NA,NA,NA,NA
34686,10,0.081,-79.389,127,218,NA,NA,NA,NA,NA,15,0.098,-166.889,153,261
34736,11,0.223,-133.502,92,211,NA,NA,NA,NA,NA,NA,NA,NA,NA,NA
34744,5,0.36,-13.072,145,242,NA,NA,NA,NA,NA,NA,NA,NA,NA,NA
34843,7,0.191,-5.85,122,212,NA,NA,NA,NA,NA,NA,NA,NA,NA,NA
34884,10,0.144,-72.05,107,208,NA,NA,NA,NA,NA,10,0.091,-141.712,180,273
34918,5,0.283,-151.599,59,194,NA,NA,NA,NA,NA,2,0.345,-178.393,64,187
34983,14,0.107,9.44,153,234,NA,NA,NA,NA,NA,18,0.21,-17.738,187,264
35097,10,0.346,-153.612,89,182,NA,NA,NA,NA,NA,10,0.167,-10.37,135,234
35212,12,0.167,-148.676,110,224,NA,NA,NA,NA,NA,NA,NA,NA,NA,NA
35311,15,0.217,-8.094,161,238,NA,NA,NA,NA,NA,10,0.092,-115.871,104,204
35337,14,0.218,-133.086,109,221,NA,NA,NA,NA,NA,17,0.105,-6.75,169,272
35352,11,0.103,-6.651,141,251,NA,NA,NA,NA,NA,13,0.127,-37.702,141,245
35428,10,0.1,-90,100,206,NA,NA,NA,NA,NA,20,0.107,-90,200,284
35451,5,0.103,-118.28,63,205,NA,NA,NA,NA,NA,6,0.158,4.426,132,238
35477,5,0.198,-125.301,44,202,NA,NA,NA,NA,NA,5,0.104,-116.862,68,207
35485,8,0.32,-127.854,67,190,NA,NA,NA,NA,NA,6,0.079,-68.025,87,203
35501,6,0.38,-152.129,41,199,NA,NA,NA,NA,NA,NA,NA,NA,NA,NA
35535,5,0.139,-77.372,87,220,NA,NA,NA,NA,NA,10,0.207,-144.287,77,208
35584,10,0.135,-16.536,133,248,NA,NA,NA,NA,NA,5,0.358,-102.551,60,187
35675,14,0.255,-132.288,67,197,NA,NA,NA,NA,NA,15,0.149,-109.95,108,221
35808,15,0.092,-39.183,180,251,NA,NA,NA,NA,NA,NA,NA,NA,NA,NA
35907,11,0.062,-82.069,108,221,NA,NA,NA,NA,NA,NA,NA,NA,NA,NA
35915,4,0.184,-0.85,112,221,NA,NA,NA,NA,NA,10,0.237,-132.906,80,201
35949,8,0.155,-73.542,111,228,NA,NA,NA,NA,NA,NA,NA,NA,NA,NA
35980,7,0.418,-142.184,61,186,NA,NA,NA,NA,NA,7,0.464,-162.025,50,209
36475,5,0.199,-97.335,58,199,NA,NA,NA,NA,NA,20,0.107,-90,200,284
36962,5,0.396,-143.415,48,192,NA,NA,NA,NA,NA,5,0.407,-155.833,26,204
37002,15,0.05,-82.532,133,236,NA,NA,NA,NA,NA,NA,NA,NA,NA,NA
37028,11,0.238,-9.176,161,251,NA,NA,NA,NA,NA,NA,NA,NA,NA,NA
37051,10,0.098,-132.389,88,212,NA,NA,NA,NA,NA,NA,NA,NA,NA,NA
37275,20,0.308,-158.301,100,241,NA,NA,NA,NA,NA,20,0.179,-143.051,180,280
37283,8,0.179,-143.58,77,202,NA,NA,NA,NA,NA,4,0.225,-24.249,103,212
37291,0,0.272,-184.799,41,198,NA,NA,NA,NA,NA,5,0.173,-91.868,105,228
37374,5,0.156,-75.244,94,213,NA,NA,NA,NA,NA,NA,NA,NA,NA,NA
37408,5,0.168,-14.865,120,233,NA,NA,NA,NA,NA,10,0.214,-11.429,123,225
37606,12,0.053,-48.547,131,247,NA,NA,NA,NA,NA,10,0.339,-5.936,156,254
37697,10,0.137,-149.384,114,222,NA,NA,NA,NA,NA,NA,NA,NA,NA,NA
37846,8,0.095,-66.364,102,224,NA,NA,NA,NA,NA,20,0.179,-143.051,180,280
37903,12,0.223,-4.414,163,266,NA,NA,NA,NA,NA,NA,NA,NA,NA,NA
37945,20,0.144,-6.269,140,222,NA,NA,NA,NA,NA,NA,NA,NA,NA,NA
38000,10,0.173,-120.157,91,202,NA,NA,NA,NA,NA,10,0.078,-90,90,207
38059,5,0.322,-135.578,60,202,NA,NA,NA,NA,NA,15,0.404,-141.582,65,198
38133,10,0.146,-22.012,126,223,NA,NA,NA,NA,NA,5,0.248,-80.682,99,200
38174,10,0.135,-139.633,97,210,NA,NA,NA,NA,NA,NA,NA,NA,NA,NA
38190,10,0.101,-127.833,116,215,NA,NA,NA,NA,NA,15,0.154,-22.173,190,254
38273,10,0.482,-141.92,56,202,NA,NA,NA,NA,NA,5,0.205,-156.195,79,203
38281,11,0.075,-99.124,104,226,NA,NA,NA,NA,NA,7,0.319,-114.325,58,178
38372,7,0.159,-131.51,67,192,NA,NA,NA,NA,NA,NA,NA,NA,NA,NA
38406,2,0.203,-122.397,51,189,NA,NA,NA,NA,NA,13,0.12,-34.817,133,236
38471,10,0.127,-144.027,98,210,NA,NA,NA,NA,NA,10,0.087,-75.658,104,210
38505,10,0.193,-33.516,112,209,NA,NA,NA,NA,NA,10,0.408,0.88,157,274
38596,8,0.278,-159.112,45,202,NA,NA,NA,NA,NA,NA,NA,NA,NA,NA
38620,5,0.365,-123.265,69,184,NA,NA,NA,NA,NA,8,0.174,-118.68,78,201
38737,2,0.305,-128.66,8,195,NA,NA,NA,NA,NA,5,0.121,-152.705,62,216
38794,20,0.107,-90,200,284,NA,NA,NA,NA,NA,20,0.107,-90,200,284
38836,5,0.207,-133.603,64,206,NA,NA,NA,NA,NA,5,0.073,-168.075,175,286
38851,5,0.132,-9.69,113,230,NA,NA,NA,NA,NA,NA,NA,NA,NA,NA
38885,5,0.096,-80.419,80,202,NA,NA,NA,NA,NA,NA,NA,NA,NA,NA
38919,4,0.402,-10.455,124,214,NA,NA,NA,NA,NA,16,0.183,-11.734,181,274
38943,5,0.1,-131.51,81,213,NA,NA,NA,NA,NA,10,0.374,-146.694,50,202
38992,10,0.274,-0.962,151,266,NA,NA,NA,NA,NA,NA,NA,NA,NA,NA
39149,15,0.196,-41.332,126,223,NA,NA,NA,NA,NA,10,0.072,-51.484,121,216
39164,10,0.064,-110.233,90,219,NA,NA,NA,NA,NA,12,0.153,-122.418,118,207
39263,10,0.094,-153.537,105,214,NA,NA,NA,NA,NA,10,0.125,-124.42,99,207
39271,20,0.107,-90,200,284,NA,NA,NA,NA,NA,20,0.084,-115.101,175,282
39313,13,0.131,-34.157,129,225,NA,NA,NA,NA,NA,NA,NA,NA,NA,NA
39511,8,0.101,-106.747,101,209,NA,NA,NA,NA,NA,15,0.109,-10.488,156,252
39545,5,0.15,-88.726,68,202,NA,NA,NA,NA,NA,20,0.102,-84.105,118,235
39644,10,0.064,-113.955,102,216,NA,NA,NA,NA,NA,NA,NA,NA,NA,NA
39701,10,0.214,-5.097,121,240,NA,NA,NA,NA,NA,15,0.394,-147.171,127,201
39719,10,0.266,-4.987,130,225,NA,NA,NA,NA,NA,NA,NA,NA,NA,NA
39750,15,0.108,-80.877,135,216,NA,NA,NA,NA,NA,15,0.251,-5.215,180,271
39784,20,0.081,-90,180,266,NA,NA,NA,NA,NA,NA,NA,NA,NA,NA
39818,5,0.171,-141.303,82,212,NA,NA,NA,NA,NA,NA,NA,NA,NA,NA
39826,8,0.135,-129.723,105,213,NA,NA,NA,NA,NA,NA,NA,NA,NA,NA
39867,5,0.119,-46.764,85,217,NA,NA,NA,NA,NA,10,0.117,-96.386,98,206
39875,10,0.115,-107.05,90,206,NA,NA,NA,NA,NA,2,0.374,-140.278,50,193
39883,10,0.105,-116.203,100,211,NA,NA,NA,NA,NA,NA,NA,NA,NA,NA
39891,5,0.198,-146.548,73,202,NA,NA,NA,NA,NA,13,0.202,-165.869,94,222
39958,4,0.138,-137.631,34,196,NA,NA,NA,NA,NA,NA,NA,NA,NA,NA
39982,20,0.051,-45.736,166,273,NA,NA,NA,NA,NA,15,0.043,-90,87,217
40071,10,0.065,-6.983,171,283,NA,NA,NA,NA,NA,20,0.146,-46.771,174,280
40097,20,0.129,-123.614,190,275,NA,NA,NA,NA,NA,5,0.095,-84.06,82,206
40113,10,0.097,-111.761,109,206,NA,NA,NA,NA,NA,5,0.117,-109.956,83,224
40246,5,0.131,-86.802,74,204,NA,NA,NA,NA,NA,15,0.329,-121.769,104,210
40287,12,0.096,-101.433,117,218,NA,NA,NA,NA,NA,NA,NA,NA,NA,NA
40303,14,0.147,-44.06,121,203,NA,NA,NA,NA,NA,10,0.095,-43.552,131,220
40311,10,0.09,-103.3,84,208,NA,NA,NA,NA,NA,NA,NA,NA,NA,NA
40378,5,0.102,-104.954,83,215,NA,NA,NA,NA,NA,5,0.242,-142.617,54,202
40402,15,0.153,-80.844,114,205,NA,NA,NA,NA,NA,NA,NA,NA,NA,NA
40410,18,0.22,-6.594,186,268,NA,NA,NA,NA,NA,19,0.386,1.77,183,285
40501,5,0.223,-128.295,53,205,NA,NA,NA,NA,NA,7,0.124,-125.787,67,194
40527,10,0.209,-37.911,123,200,NA,NA,NA,NA,NA,14,0.234,-60.774,105,190
40543,7,0.297,-135.641,69,189,NA,NA,NA,NA,NA,10,0.167,-7.959,141,224
40550,5,0.206,-152.144,83,204,NA,NA,NA,NA,NA,10,0.274,-154.164,127,229
40568,10,0.15,-128.767,88,196,NA,NA,NA,NA,NA,10,0.418,-152.274,42,198
40659,20,0.107,-90,200,284,NA,NA,NA,NA,NA,NA,NA,NA,NA,NA
40717,6,0.361,-144.606,44,216,NA,NA,NA,NA,NA,5,0.374,-5.234,109,231
40758,5,0.242,-103.455,63,199,NA,NA,NA,NA,NA,NA,NA,NA,NA,NA
40857,15,0.153,-153.37,102,224,NA,NA,NA,NA,NA,3,0.349,-139.586,44,199
40949,15,0.226,-152.133,122,213,NA,NA,NA,NA,NA,8,0.118,-128.323,102,218
40972,13,0.142,-2.532,155,265,NA,NA,NA,NA,NA,5,0.118,-44.98,103,213
40980,5,0.313,-123.94,60,189,NA,NA,NA,NA,NA,NA,NA,NA,NA,NA
41012,11,0.276,-153.048,55,206,NA,NA,NA,NA,NA,13,0.175,-8.957,168,244
41046,20,0.533,-142.26,131,222,NA,NA,NA,NA,NA,10,0.238,-21.752,138,237
41053,12,0.087,-82.861,123,225,NA,NA,NA,NA,NA,NA,NA,NA,NA,NA
41061,11,0.17,-19.548,136,231,NA,NA,NA,NA,NA,20,0.115,-46.652,145,266
41095,20,0.189,-10.769,194,300,NA,NA,NA,NA,NA,NA,NA,NA,NA,NA
41103,20,0.179,-143.051,180,280,NA,NA,NA,NA,NA,NA,NA,NA,NA,NA
41160,13,0.432,-143.453,35,199,NA,NA,NA,NA,NA,3,0.284,-132.453,24,191
41178,6,0.309,-124.341,56,198,NA,NA,NA,NA,NA,NA,NA,NA,NA,NA
41202,15,0.21,-43.599,158,228,NA,NA,NA,NA,NA,20,0.368,-8.027,191,275
41210,5,0.109,-19.565,115,216,NA,NA,NA,NA,NA,NA,NA,NA,NA,NA
41228,5,0.376,-2.056,143,268,NA,NA,NA,NA,NA,3,0.144,5.909,128,231
41236,3,0.173,-75.888,73,187,NA,NA,NA,NA,NA,4,0.258,-140.523,67,195
41277,7,0.234,-1.48,142,221,NA,NA,NA,NA,NA,15,0.135,-14.73,170,244
41376,2,0.294,-113.928,38,191,NA,NA,NA,NA,NA,12,0.191,-79.395,119,220
41442,7,0.232,-45.444,111,194,NA,NA,NA,NA,NA,4,0.077,-41.072,87,216
41517,13,0.153,-8.509,137,217,NA,NA,NA,NA,NA,14,0.164,-130.997,90,212
41731,15,0.112,-16.754,165,252,10,0.201,-5.677,156,246,15,0.177,-22.02,177,245
41798,5,0.466,-122.568,71,194,NA,NA,NA,NA,NA,2,0.108,-110.308,39,200
41806,10,0.076,-74.223,111,214,NA,NA,NA,NA,NA,NA,NA,NA,NA,NA
41814,7,0.181,-98.033,68,191,NA,NA,NA,NA,NA,NA,NA,NA,NA,NA
41822,5,0.076,-67.521,105,239,NA,NA,NA,NA,NA,5,0.076,-72.529,88,220
41830,8,0.152,-141.168,92,218,NA,NA,NA,NA,NA,10,0.234,-100.139,92,187
41855,10,0.076,-62.984,116,217,NA,NA,NA,NA,NA,NA,NA,NA,NA,NA
41897,12,0.18,-118.333,87,205,NA,NA,NA,NA,NA,NA,NA,NA,NA,NA
41921,10,0.268,-8.86,160,246,NA,NA,NA,NA,NA,NA,NA,NA,NA,NA
41988,19,0.088,-136.946,190,266,NA,NA,NA,NA,NA,NA,NA,NA,NA,NA
41996,7,0.066,-34.262,99,212,NA,NA,NA,NA,NA,NA,NA,NA,NA,NA
42002,5,0.083,-104.064,91,216,NA,NA,NA,NA,NA,NA,NA,NA,NA,NA
42051,14,0.184,-139.918,79,195,NA,NA,NA,NA,NA,15,0.119,-14.095,155,254
42069,7,0.209,-140.232,62,187,NA,NA,NA,NA,NA,10,0.205,-174.26,72,222
42085,5,0.239,-137.284,48,207,NA,NA,NA,NA,NA,NA,NA,NA,NA,NA
42135,5,0.204,-126.555,62,203,NA,NA,NA,NA,NA,5,0.299,-3.248,133,242
42150,5,0.295,-156.931,29,203,NA,NA,NA,NA,NA,10,0.069,-54.363,135,233
42259,15,0.108,-73.777,97,201,NA,NA,NA,NA,NA,5,0.236,-142.143,64,196
42317,20,0.471,-10.966,158,258,NA,NA,NA,NA,NA,18,0.131,-11.385,196,276
42341,10,0.129,-146.219,100,232,NA,NA,NA,NA,NA,NA,NA,NA,NA,NA
42366,3,0.289,-143.56,32,188,NA,NA,NA,NA,NA,5,0.215,-174.174,99,242
42374,20,0.095,-151.342,185,287,NA,NA,NA,NA,NA,14,0.143,-2.649,193,270
42382,7,0.083,-106.314,86,194,NA,NA,NA,NA,NA,10,0.111,3.228,157,253
42390,12,0.059,-7.061,148,269,NA,NA,NA,NA,NA,5,0.111,-117.647,84,204
42408,15,0.062,-125.094,155,227,NA,NA,NA,NA,NA,5,0.177,-9.959,124,226
42416,15,0.488,-1.652,178,276,NA,NA,NA,NA,NA,14,0.017,-129.639,119,221
42440,15,0.059,-89.344,127,214,NA,NA,NA,NA,NA,12,0.096,-86.719,123,218
42499,15,0.116,-21.986,180,246,NA,NA,NA,NA,NA,NA,NA,NA,NA,NA
42507,10,0.195,-147.783,101,207,NA,NA,NA,NA,NA,NA,NA,NA,NA,NA
42564,5,0.247,-152.541,44,207,NA,NA,NA,NA,NA,2,0.419,-148.066,27,192
42689,10,0.176,-5.286,145,232,NA,NA,NA,NA,NA,20,0.107,-90,200,284
42705,10,0.186,-8.384,135,239,NA,NA,NA,NA,NA,NA,NA,NA,NA,NA
42747,6,0.054,-56.655,113,220,NA,NA,NA,NA,NA,5,0.174,-126.648,82,198
42762,10,0.074,-74.564,129,234,NA,NA,NA,NA,NA,4,0.292,-146.389,39,197
42929,5,0.292,-4.798,116,243,NA,NA,NA,NA,NA,11,0.097,-21.973,123,239
42978,5,0.19,-153.629,71,221,NA,NA,NA,NA,NA,NA,NA,NA,NA,NA
42986,3,0.26,-125.436,26,186,NA,NA,NA,NA,NA,NA,NA,NA,NA,NA
42994,10,0.23,-120.329,90,212,NA,NA,NA,NA,NA,NA,NA,NA,NA,NA
43042,5,0.326,-120.594,52,206,NA,NA,NA,NA,NA,11,0.111,-16.02,125,225
43109,12,0.133,-28.127,135,220,NA,NA,NA,NA,NA,NA,NA,NA,NA,NA
43224,5,0.295,-139.584,27,202,NA,NA,NA,NA,NA,20,0.316,-138.977,125,235
43232,10,0.091,-141.712,180,273,NA,NA,NA,NA,NA,NA,NA,NA,NA,NA
43240,10,0.522,1.313,183,280,NA,NA,NA,NA,NA,NA,NA,NA,NA,NA
43257,20,0.302,-153.142,95,245,NA,NA,NA,NA,NA,15,0.191,-153.839,92,221
43281,15,0.153,-21.408,185,263,NA,NA,NA,NA,NA,20,0.108,-93.799,179,279
43422,14,0.137,-21.262,134,215,NA,NA,NA,NA,NA,19,0.291,1.357,186,278
43513,4,0.2,-147.895,64,200,NA,NA,NA,NA,NA,5,0.134,-116.71,82,205
43539,20,0.107,-90,200,284,NA,NA,NA,NA,NA,20,0.107,-90,200,284
43570,12,0.312,-2.821,158,266,NA,NA,NA,NA,NA,NA,NA,NA,NA,NA
43661,5,0.092,-82.902,82,206,NA,NA,NA,NA,NA,3,0.122,-120.752,72,194
43687,5,0.292,-43.416,132,222,NA,NA,NA,NA,NA,NA,NA,NA,NA,NA
43695,20,0.156,-43.053,196,283,NA,NA,NA,NA,NA,NA,NA,NA,NA,NA
43760,10,0.2,3.967,140,254,NA,NA,NA,NA,NA,10,0.332,0.008,157,249
43810,1,0.161,-59.792,55,188,NA,NA,NA,NA,NA,NA,NA,NA,NA,NA
43828,20,0.107,-90,200,284,NA,NA,NA,NA,NA,20,0.107,-90,200,284
43844,10,0.244,-4.297,166,248,NA,NA,NA,NA,NA,20,0.196,-10.402,193,300
43901,2,0.199,-124.274,28,192,NA,NA,NA,NA,NA,NA,NA,NA,NA,NA
43943,5,0.213,-96.451,80,186,NA,NA,NA,NA,NA,NA,NA,NA,NA,NA
44149,13,0.283,-6.565,182,267,NA,NA,NA,NA,NA,NA,NA,NA,NA,NA
44180,15,0.112,-48.644,119,220,NA,NA,NA,NA,NA,NA,NA,NA,NA,NA
44255,10,0.088,-11.924,140,242,NA,NA,NA,NA,NA,15,0.29,-9.852,176,267
44420,19,0.06,-90,178,270,NA,NA,NA,NA,NA,10,0.071,-90,140,231
44487,12,0.184,-13.422,167,270,NA,NA,NA,NA,NA,15,0.119,-25.624,175,266
44503,20,0.105,-135.221,187,284,NA,NA,NA,NA,NA,20,0.11,-50.143,149,242
44545,10,0.052,-46.551,165,253,NA,NA,NA,NA,NA,NA,NA,NA,NA,NA
44560,10,0.138,-47.169,92,205,NA,NA,NA,NA,NA,10,0.087,-44.827,106,222
44602,15,0.287,-134.191,105,219,NA,NA,NA,NA,NA,14,0.114,-18.564,117,209
44610,12,0.068,-157.15,117,241,NA,NA,NA,NA,NA,12,0.11,-15.325,144,255
44644,10,0.15,-117.929,69,202,NA,NA,NA,NA,NA,7,0.2,6.48,118,238
44719,20,0.179,-143.051,180,280,NA,NA,NA,NA,NA,NA,NA,NA,NA,NA
44776,8,0.074,-45.306,106,229,NA,NA,NA,NA,NA,10,0.103,-82.389,110,207
44792,20,0.107,-90,200,284,NA,NA,NA,NA,NA,15,0.174,-145.037,175,224
44818,4,0.25,-105.821,59,202,NA,NA,NA,NA,NA,11,0.05,-113.586,100,230
44826,10,0.177,-7.843,152,258,NA,NA,NA,NA,NA,10,0.354,-1.096,159,264
45021,10,0.061,-39.148,170,253,NA,NA,NA,NA,NA,20,0.115,-111.979,143,258
45146,20,0.345,-6.754,189,311,NA,NA,NA,NA,NA,15,0.125,-32.272,151,231
45468,20,0.08,-110.817,176,283,NA,NA,NA,NA,NA,NA,NA,NA,NA,NA
45476,12,0.151,-32.552,130,226,NA,NA,NA,NA,NA,11,0.112,-39.503,123,230
45500,13,0.326,-120.588,82,191,NA,NA,NA,NA,NA,10,0.317,-8.09,157,240
45526,2,0.354,-162.736,31,204,NA,NA,NA,NA,NA,5,0.196,-116.353,78,203
45534,8,0.152,-45.477,115,213,NA,NA,NA,NA,NA,15,0.323,-6.284,175,258
45591,12,0.307,-4.553,157,267,NA,NA,NA,NA,NA,NA,NA,NA,NA,NA
45609,20,0.083,-73.231,150,262,NA,NA,NA,NA,NA,NA,NA,NA,NA,NA
45617,7,0.246,-162.638,77,203,NA,NA,NA,NA,NA,13,0.061,159.511,81,204
45641,12,0.354,-6.844,160,258,NA,NA,NA,NA,NA,2,0.12,-43.377,102,210
45682,6,0.273,-119.17,66,192,NA,NA,NA,NA,NA,10,0.281,-157.837,84,211
45690,7,0.093,-132.109,84,199,NA,NA,NA,NA,NA,1,0.322,-139.589,39,182
45708,20,0.328,-6.535,185,309,NA,NA,NA,NA,NA,20,0.087,-144.877,170,277
45773,10,0.309,-139.215,45,201,NA,NA,NA,NA,NA,NA,NA,NA,NA,NA
45997,11,0.103,-30.913,101,218,NA,NA,NA,NA,NA,12,0.202,-121.102,98,202
46193,13,0.322,-133.112,90,210,NA,NA,NA,NA,NA,10,0.327,0.356,148,262
46243,8,0.1,-151.851,79,221,NA,NA,NA,NA,NA,NA,NA,NA,NA,NA
46284,12,0.121,-129.43,108,212,NA,NA,NA,NA,NA,NA,NA,NA,NA,NA
46318,10,0.075,-94.226,106,214,NA,NA,NA,NA,NA,NA,NA,NA,NA,NA
46326,10,0.158,-156.708,89,214,NA,NA,NA,NA,NA,6,0.12,-58.685,93,203
46334,8,0.025,-90.593,127,250,NA,NA,NA,NA,NA,NA,NA,NA,NA,NA
46359,10,0.134,-91.293,110,203,NA,NA,NA,NA,NA,20,0.075,-95.495,179,285
46375,8,0.091,-55.334,94,226,NA,NA,NA,NA,NA,8,0.1,-90,108,216
46425,10,0.105,-123.521,89,208,NA,NA,NA,NA,NA,10,0.09,-109.187,97,207
46466,10,0.416,-7.633,161,242,NA,NA,NA,NA,NA,NA,NA,NA,NA,NA
46599,11,0.108,-61.753,105,210,NA,NA,NA,NA,NA,5,0.115,-97.701,86,213
46730,5,0.179,-122.494,60,201,NA,NA,NA,NA,NA,NA,NA,NA,NA,NA
46839,2,0.164,-116.819,69,171,NA,NA,NA,NA,NA,NA,NA,NA,NA,NA
46888,3,0.427,-147.62,21,195,NA,NA,NA,NA,NA,NA,NA,NA,NA,NA
46912,3,0.477,-108.564,36,184,NA,NA,NA,NA,NA,NA,NA,NA,NA,NA
46920,2,0.43,-101.543,64,168,NA,NA,NA,NA,NA,NA,NA,NA,NA,NA
46946,20,0.131,-35.045,195,281,NA,NA,NA,NA,NA,NA,NA,NA,NA,NA
47118,10,0.211,-96.467,95,172,NA,NA,NA,NA,NA,10,0.079,-19.52,132,226
47142,20,0.179,-143.051,180,280,NA,NA,NA,NA,NA,NA,NA,NA,NA,NA
47159,6,0.073,-44.164,97,217,NA,NA,NA,NA,NA,NA,NA,NA,NA,NA
47191,20,0.227,-28.313,183,271,NA,NA,NA,NA,NA,NA,NA,NA,NA,NA
47225,10,0.202,-21.993,142,248,NA,NA,NA,NA,NA,15,0.291,-146.545,109,218
47233,12,0.071,-104.355,114,235,NA,NA,NA,NA,NA,NA,NA,NA,NA,NA
47258,15,0.175,-25.784,162,224,NA,NA,NA,NA,NA,NA,NA,NA,NA,NA
47357,5,0.154,-120.951,84,198,NA,NA,NA,NA,NA,12,0.51,-133.904,75,194
47365,10,0.094,-137.333,103,217,NA,NA,NA,NA,NA,12,0.087,-105.572,117,225
47506,6,0.388,-128.607,64,181,NA,NA,NA,NA,NA,5,0.438,-134.259,59,200
47563,6,0.074,-124.005,75,198,NA,NA,NA,NA,NA,NA,NA,NA,NA,NA
47571,4,0.287,-132.302,40,193,NA,NA,NA,NA,NA,NA,NA,NA,NA,NA
47589,13,0.044,-117.021,130,246,NA,NA,NA,NA,NA,10,0.233,-162.023,75,197
47613,5,0.266,-133.363,61,203,NA,NA,NA,NA,NA,11,0.261,-145.279,86,196
47720,3,0.293,-125.32,42,188,NA,NA,NA,NA,NA,NA,NA,NA,NA,NA
47738,11,0.106,-97.624,93,208,NA,NA,NA,NA,NA,NA,NA,NA,NA,NA
47761,20,0.245,-108.685,115,220,NA,NA,NA,NA,NA,NA,NA,NA,NA,NA
47829,2,0.472,-124.138,30,192,NA,NA,NA,NA,NA,NA,NA,NA,NA,NA
47837,5,0.134,-127.873,77,211,NA,NA,NA,NA,NA,NA,NA,NA,NA,NA
47860,15,0.189,-147.581,122,215,NA,NA,NA,NA,NA,NA,NA,NA,NA,NA
47878,10,0.1,-87.629,117,221,NA,NA,NA,NA,NA,NA,NA,NA,NA,NA
47910,10,0.192,-11.622,163,246,NA,NA,NA,NA,NA,NA,NA,NA,NA,NA
47928,5,0.085,-18.383,111,256,NA,NA,NA,NA,NA,NA,NA,NA,NA,NA
48132,3,0.26,-20.762,105,211,NA,NA,NA,NA,NA,NA,NA,NA,NA,NA
48199,10,0.106,-139.643,93,207,NA,NA,NA,NA,NA,NA,NA,NA,NA,NA
48231,5,0.364,-148,30,202,NA,NA,NA,NA,NA,NA,NA,NA,NA,NA
48298,17,0.23,-42.272,148,226,NA,NA,NA,NA,NA,NA,NA,NA,NA,NA
48306,10,0.111,-60.441,141,255,NA,NA,NA,NA,NA,20,0.327,-149.855,100,241
48348,10,0.057,-128.85,86,208,NA,NA,NA,NA,NA,NA,NA,NA,NA,NA
48363,5,0.078,-115.877,82,222,NA,NA,NA,NA,NA,NA,NA,NA,NA,NA
48371,10,0.154,-158.46,170,278,NA,NA,NA,NA,NA,NA,NA,NA,NA,NA
48397,5,0.092,-47.509,108,222,NA,NA,NA,NA,NA,8,0.123,-73.796,114,225
48413,5,0.319,-142.508,57,203,NA,NA,NA,NA,NA,11,0.143,-133.845,65,195
48421,5,0.29,-152.643,45,207,NA,NA,NA,NA,NA,5,0.193,-113.205,69,208
48439,10,0.212,-132.063,76,221,NA,NA,NA,NA,NA,NA,NA,NA,NA,NA
48447,10,0.228,-143.09,62,206,NA,NA,NA,NA,NA,11,0.025,-141.186,132,253
48454,10,0.094,-99.533,98,202,NA,NA,NA,NA,NA,NA,NA,NA,NA,NA
48462,12,0.203,-148.248,98,211,NA,NA,NA,NA,NA,NA,NA,NA,NA,NA
48470,3,0.209,-22.618,116,213,NA,NA,NA,NA,NA,20,0.47,-141.216,90,233
48504,12,0.101,-6.019,147,254,NA,NA,NA,NA,NA,NA,NA,NA,NA,NA
48512,5,0.265,-126.533,55,197,NA,NA,NA,NA,NA,NA,NA,NA,NA,NA
48520,3,0.473,-129.412,28,186,NA,NA,NA,NA,NA,NA,NA,NA,NA,NA
59089,5,0.134,-83.74,92,223,NA,NA,NA,NA,NA,7,0.143,-143.003,88,217
59113,12,0.469,-120.054,64,186,NA,NA,NA,NA,NA,NA,NA,NA,NA,NA
59121,14,0.322,-184.307,64,206,NA,NA,NA,NA,NA,NA,NA,NA,NA,NA
59139,20,0.107,-90,200,284,NA,NA,NA,NA,NA,NA,NA,NA,NA,NA
59147,11,0.159,-89.437,94,198,NA,NA,NA,NA,NA,NA,NA,NA,NA,NA
59188,11,0.13,-135.805,96,210,NA,NA,NA,NA,NA,NA,NA,NA,NA,NA
59220,15,0.191,-163.407,50,227,NA,NA,NA,NA,NA,NA,NA,NA,NA,NA
59238,11,0.107,-114.213,105,213,NA,NA,NA,NA,NA,NA,NA,NA,NA,NA
59246,10,0.245,-5.715,134,231,NA,NA,NA,NA,NA,NA,NA,NA,NA,NA
59253,5,0.34,-5.455,156,239,NA,NA,NA,NA,NA,NA,NA,NA,NA,NA
59261,20,0.105,-122.919,127,260,NA,NA,NA,NA,NA,NA,NA,NA,NA,NA
59287,12,0.118,-21.948,128,237,NA,NA,NA,NA,NA,NA,NA,NA,NA,NA
59295,11,0.078,-39.085,108,225,NA,NA,NA,NA,NA,NA,NA,NA,NA,NA
59303,10,0.092,-62.128,88,208,NA,NA,NA,NA,NA,NA,NA,NA,NA,NA
59311,10,0.071,-48.203,109,221,NA,NA,NA,NA,NA,NA,NA,NA,NA,NA
59329,5,0.224,-126.836,55,202,NA,NA,NA,NA,NA,NA,NA,NA,NA,NA
59337,10,0.12,-3.955,140,252,NA,NA,NA,NA,NA,NA,NA,NA,NA,NA
59386,4,0.246,-110.461,42,185,NA,NA,NA,NA,NA,NA,NA,NA,NA,NA
59402,12,0.132,-78.627,111,209,NA,NA,NA,NA,NA,NA,NA,NA,NA,NA
59477,10,0.122,-103.165,106,212,NA,NA,NA,NA,NA,NA,NA,NA,NA,NA
59485,4,0.362,-145.239,47,188,NA,NA,NA,NA,NA,NA,NA,NA,NA,NA
59642,8,0.416,-144.733,69,223,NA,NA,NA,NA,NA,NA,NA,NA,NA,NA
